News Outlet,Date of Tweet,Tweets Ago,Text,Positive Score,Neutral Score,Negative Score,Composite Score
@BBCWorld,Sun Jul 29 17:13:09 +0000 2018,1,"RT @BBCSport: Geraint Thomas has done it! üëèüè¥Û†ÅßÛ†Å¢Û†Å∑Û†Å¨Û†Å≥Û†Åø

He's become the first ever Welshman to win the Tour de France üëâ https://t.co/ZtkRdPtGio‚Ä¶",0.146,0.854,0.0,0.6239
@BBCWorld,Sun Jul 29 16:53:16 +0000 2018,2,New York Times tells Trump: Don't call reporters enemies of the people https://t.co/nEFpbba3pn,0.18,0.82,0.0,0.3875
@BBCWorld,Sun Jul 29 16:50:38 +0000 2018,3,"RT @BBCSport: Less than 20km to go until Geraint Thomas wins the Tour de France for the first time! üëè

Live üëâ https://t.co/ZtkRdPtGio https‚Ä¶",0.129,0.871,0.0,0.6114
@BBCWorld,Sun Jul 29 15:18:41 +0000 2018,4,Ethiopian dam engineer Simegnew Bekele's funeral draws thousands https://t.co/rYSuKlqcjo,0.0,0.762,0.238,-0.3612
@BBCWorld,Sun Jul 29 14:59:44 +0000 2018,5,"RT @bbcf1: ""We came here knowing Ferrari would be really quick this weekend so to come out with these points, we'll definitely take it as a‚Ä¶",0.097,0.903,0.0,0.4019
@BBCWorld,Sun Jul 29 14:59:24 +0000 2018,6,RT @BBCSport: Lewis Hamilton won a tense strategic battle at the Hungarian Grand Prix. He heads into the break with a 24-point lead in the‚Ä¶,0.218,0.619,0.163,0.4019
@BBCWorld,Sun Jul 29 14:59:10 +0000 2018,7,"RT @BBCSport: Lewis Hamilton has won the #HungarianGP for the sixth time. 

His lead in the championship is up to 24 points.

Reaction: htt‚Ä¶",0.231,0.769,0.0,0.765
@BBCWorld,Sun Jul 29 14:52:39 +0000 2018,8,Cambodia election: Ruling party claims landslide in vote with no main opposition https://t.co/Jrc8E9Zchg,0.17,0.692,0.138,0.128
@BBCWorld,Sun Jul 29 14:22:58 +0000 2018,9,"RT @BBCSport: Today's the day!

Geraint Thomas is set to make Tour de France history üëè

We're live üëâ https://t.co/ZtkRdPtGio #bbccycling ht‚Ä¶",0.0,1.0,0.0,0.0
@BBCWorld,Sun Jul 29 12:13:59 +0000 2018,10,Surveying the damage in Lombok after a powerful earthquake hit the popular tourist destination in Indonesia‚Ä¶ https://t.co/7tNtDeRPPy,0.257,0.596,0.147,0.34
@BBCWorld,Sun Jul 29 12:10:08 +0000 2018,11,Zimbabwe election: Robert Mugabe gives surprise speech on eve of poll https://t.co/Qog0b6oNFY,0.16,0.84,0.0,0.2732
@BBCWorld,Sun Jul 29 11:02:24 +0000 2018,12,"RT @BBCNews: What's the least popular emoji on Twitter? üò¢

https://t.co/q003FloumJ https://t.co/mz0fImuUpB",0.0,0.669,0.331,-0.6632
@BBCWorld,Sun Jul 29 09:56:18 +0000 2018,13,"RT @BBCNews: üêçüò±

Woman wakes to find 'escaped' python in her bed 

https://t.co/4dlj1HGnh1 https://t.co/xS8Gs6bXrF",0.0,1.0,0.0,0.0
@BBCWorld,Sun Jul 29 09:55:46 +0000 2018,14,Polar bear shot dead after attacking cruise ship guard https://t.co/EPNLOiO5SM,0.0,0.523,0.477,-0.8074
@BBCWorld,Sun Jul 29 08:08:38 +0000 2018,15,"RT @BBCNews: üìöüìòüìôüìïüìóüìñüìòüìôüìïüìóüìöüìòüìôüìïüìóüìñüìòüìôüìïüìóüìöüìòüìôüìïüìóüìñüìòüìôüìïüìóüìöüìòüìôüìïüìóüìñüìòüìôüìïüìóüìöüìòüìôüìïüìóüìñüìòüìôüìïüìö

Love books? Are you guilty of tsundoku or bibliomania?
https://t.co/SIgW0d‚Ä¶",0.248,0.599,0.153,0.4137
@BBCWorld,Sun Jul 29 07:35:20 +0000 2018,16,"RT @BBCSport: He's off the mark! 

Wayne Rooney netted his first goal for  DC United as they beat the Colorado Rapids, 2-1 in the #MLS.‚Ä¶",0.114,0.886,0.0,0.4753
@BBCWorld,Sun Jul 29 04:59:57 +0000 2018,17,Ahed Tamimi: Israel frees Palestinian viral slap video teen https://t.co/UtQwZSrCsO,0.322,0.678,0.0,0.4215
@BBCWorld,Sun Jul 29 03:34:16 +0000 2018,18,Indonesia earthquake: 10 dead on tourist island Lombok https://t.co/1dRSUNveOV,0.0,0.65,0.35,-0.6486
@BBCWorld,Sun Jul 29 01:36:18 +0000 2018,19,Slobodan Milosevic: Ex-Serbia leader's war crimes lawyer shot dead https://t.co/o5ew1O1PDX,0.0,0.494,0.506,-0.8481
@BBCWorld,Sun Jul 29 00:57:42 +0000 2018,20,Nicaragua protests: Thousands show support for Catholic Church https://t.co/9oSfaYXdcp,0.233,0.603,0.164,0.2023
@BBCWorld,Sun Jul 29 17:13:09 +0000 2018,21,"RT @BBCSport: Geraint Thomas has done it! üëèüè¥Û†ÅßÛ†Å¢Û†Å∑Û†Å¨Û†Å≥Û†Åø

He's become the first ever Welshman to win the Tour de France üëâ https://t.co/ZtkRdPtGio‚Ä¶",0.146,0.854,0.0,0.6239
@BBCWorld,Sun Jul 29 16:53:16 +0000 2018,22,New York Times tells Trump: Don't call reporters enemies of the people https://t.co/nEFpbba3pn,0.18,0.82,0.0,0.3875
@BBCWorld,Sun Jul 29 16:50:38 +0000 2018,23,"RT @BBCSport: Less than 20km to go until Geraint Thomas wins the Tour de France for the first time! üëè

Live üëâ https://t.co/ZtkRdPtGio https‚Ä¶",0.129,0.871,0.0,0.6114
@BBCWorld,Sun Jul 29 15:18:41 +0000 2018,24,Ethiopian dam engineer Simegnew Bekele's funeral draws thousands https://t.co/rYSuKlqcjo,0.0,0.762,0.238,-0.3612
@BBCWorld,Sun Jul 29 14:59:44 +0000 2018,25,"RT @bbcf1: ""We came here knowing Ferrari would be really quick this weekend so to come out with these points, we'll definitely take it as a‚Ä¶",0.097,0.903,0.0,0.4019
@BBCWorld,Sun Jul 29 14:59:24 +0000 2018,26,RT @BBCSport: Lewis Hamilton won a tense strategic battle at the Hungarian Grand Prix. He heads into the break with a 24-point lead in the‚Ä¶,0.218,0.619,0.163,0.4019
@BBCWorld,Sun Jul 29 14:59:10 +0000 2018,27,"RT @BBCSport: Lewis Hamilton has won the #HungarianGP for the sixth time. 

His lead in the championship is up to 24 points.

Reaction: htt‚Ä¶",0.231,0.769,0.0,0.765
@BBCWorld,Sun Jul 29 14:52:39 +0000 2018,28,Cambodia election: Ruling party claims landslide in vote with no main opposition https://t.co/Jrc8E9Zchg,0.17,0.692,0.138,0.128
@BBCWorld,Sun Jul 29 14:22:58 +0000 2018,29,"RT @BBCSport: Today's the day!

Geraint Thomas is set to make Tour de France history üëè

We're live üëâ https://t.co/ZtkRdPtGio #bbccycling ht‚Ä¶",0.0,1.0,0.0,0.0
@BBCWorld,Sun Jul 29 12:13:59 +0000 2018,30,Surveying the damage in Lombok after a powerful earthquake hit the popular tourist destination in Indonesia‚Ä¶ https://t.co/7tNtDeRPPy,0.257,0.596,0.147,0.34
@BBCWorld,Sun Jul 29 12:10:08 +0000 2018,31,Zimbabwe election: Robert Mugabe gives surprise speech on eve of poll https://t.co/Qog0b6oNFY,0.16,0.84,0.0,0.2732
@BBCWorld,Sun Jul 29 11:02:24 +0000 2018,32,"RT @BBCNews: What's the least popular emoji on Twitter? üò¢

https://t.co/q003FloumJ https://t.co/mz0fImuUpB",0.0,0.669,0.331,-0.6632
@BBCWorld,Sun Jul 29 09:56:18 +0000 2018,33,"RT @BBCNews: üêçüò±

Woman wakes to find 'escaped' python in her bed 

https://t.co/4dlj1HGnh1 https://t.co/xS8Gs6bXrF",0.0,1.0,0.0,0.0
@BBCWorld,Sun Jul 29 09:55:46 +0000 2018,34,Polar bear shot dead after attacking cruise ship guard https://t.co/EPNLOiO5SM,0.0,0.523,0.477,-0.8074
@BBCWorld,Sun Jul 29 08:08:38 +0000 2018,35,"RT @BBCNews: üìöüìòüìôüìïüìóüìñüìòüìôüìïüìóüìöüìòüìôüìïüìóüìñüìòüìôüìïüìóüìöüìòüìôüìïüìóüìñüìòüìôüìïüìóüìöüìòüìôüìïüìóüìñüìòüìôüìïüìóüìöüìòüìôüìïüìóüìñüìòüìôüìïüìö

Love books? Are you guilty of tsundoku or bibliomania?
https://t.co/SIgW0d‚Ä¶",0.248,0.599,0.153,0.4137
@BBCWorld,Sun Jul 29 07:35:20 +0000 2018,36,"RT @BBCSport: He's off the mark! 

Wayne Rooney netted his first goal for  DC United as they beat the Colorado Rapids, 2-1 in the #MLS.‚Ä¶",0.114,0.886,0.0,0.4753
@BBCWorld,Sun Jul 29 04:59:57 +0000 2018,37,Ahed Tamimi: Israel frees Palestinian viral slap video teen https://t.co/UtQwZSrCsO,0.322,0.678,0.0,0.4215
@BBCWorld,Sun Jul 29 03:34:16 +0000 2018,38,Indonesia earthquake: 10 dead on tourist island Lombok https://t.co/1dRSUNveOV,0.0,0.65,0.35,-0.6486
@BBCWorld,Sun Jul 29 01:36:18 +0000 2018,39,Slobodan Milosevic: Ex-Serbia leader's war crimes lawyer shot dead https://t.co/o5ew1O1PDX,0.0,0.494,0.506,-0.8481
@BBCWorld,Sun Jul 29 00:57:42 +0000 2018,40,Nicaragua protests: Thousands show support for Catholic Church https://t.co/9oSfaYXdcp,0.233,0.603,0.164,0.2023
@BBCWorld,Sun Jul 29 00:20:09 +0000 2018,41,Why Ethiopia is grieving 'hero' dam engineer Simegnew Bekele https://t.co/ep0o5UtVws,0.0,0.732,0.268,-0.5106
@BBCWorld,Sun Jul 29 00:15:10 +0000 2018,42,Tsundoku: The art of buying books and never reading them https://t.co/QzvCG1eMPd,0.0,1.0,0.0,0.0
@BBCWorld,Sun Jul 29 00:12:41 +0000 2018,43,Slavery memorial highlights Portugal's racism taboo https://t.co/6waRUcjGID,0.0,0.36,0.64,-0.872
@BBCWorld,Sun Jul 29 00:02:33 +0000 2018,44,Migration to Europe in charts https://t.co/lY0JIihLxk,0.0,1.0,0.0,0.0
@BBCWorld,Sat Jul 28 23:44:26 +0000 2018,45,Zimbabwe election: Can post-Mugabe vote heal divisions? https://t.co/LpJ8GB8PSQ,0.0,1.0,0.0,0.0
@BBCWorld,Sat Jul 28 22:37:02 +0000 2018,46,Cambodia votes in poll without main opposition https://t.co/SYvfOcVLhc,0.0,1.0,0.0,0.0
@BBCWorld,Sat Jul 28 21:53:33 +0000 2018,47,Israeli Arab MP resigns over controversial 'nation state' law https://t.co/hCYv2CsKXl,0.0,0.661,0.339,-0.4767
@BBCWorld,Sat Jul 28 21:29:50 +0000 2018,48,Lebanon sinks tanks in Mediterranean to make new reef https://t.co/z0ezFlv320,0.0,1.0,0.0,0.0
@BBCWorld,Sat Jul 28 21:08:55 +0000 2018,49,Carr fire: California blaze kills children and great-grandmother https://t.co/XUCpn6eBbo,0.0,0.543,0.457,-0.7096
@BBCWorld,Sat Jul 28 15:01:31 +0000 2018,50,Egypt court sentences 75 to death over 2013 pro-Morsi protests https://t.co/as9puDBrzP,0.08,0.533,0.387,-0.6808
@BBCWorld,Sat Jul 28 13:56:08 +0000 2018,51,Cardinal McCarrick: Prominent US Catholic resigns over abuse claims https://t.co/kIPoJ7JMXp,0.146,0.443,0.411,-0.6369
@BBCWorld,Sat Jul 28 12:41:08 +0000 2018,52,Nicaraguan leader Daniel Ortega's brother calls on him to end violence https://t.co/V4wnjGeTZQ,0.0,0.728,0.272,-0.6249
@BBCWorld,Sat Jul 28 12:17:00 +0000 2018,53,Pagan outcry over fencing at Jersey tomb site https://t.co/qdrlj1Y6re,0.0,0.708,0.292,-0.5106
@BBCWorld,Sat Jul 28 12:09:48 +0000 2018,54,Russia protests: Thousands rally over plan to raise pension age https://t.co/gmiEMA79Y4,0.0,0.84,0.16,-0.2263
@BBCWorld,Sat Jul 28 11:00:14 +0000 2018,55,"Beautiful #BloodMoon delights (most of) the world üåù

https://t.co/hPDHvS3WgC https://t.co/VPEb0tBwlg",0.408,0.592,0.0,0.7845
@BBCWorld,Sat Jul 28 10:25:39 +0000 2018,56,Midwife training centre attacked in Afghanistan's Jalalabad https://t.co/FnE8gsxmXN,0.0,0.7,0.3,-0.4588
@BBCWorld,Sat Jul 28 09:23:08 +0000 2018,57,Typhoon Jongdari: Weather-ravaged Japan braces for powerful storm https://t.co/2KvDTzy2Ct,0.259,0.741,0.0,0.4215
@BBCWorld,Sat Jul 28 08:10:21 +0000 2018,58,Carr fire: California blaze leaves two dead https://t.co/rGI9SPZwPI,0.0,0.472,0.528,-0.7717
@BBCWorld,Sat Jul 28 08:08:22 +0000 2018,59,"RT @BBCNewsbeat: The cast for the next Star Wars film has been revealed üëÄ
https://t.co/W5UrF1o9Yj",0.0,0.795,0.205,-0.5574
@BBCWorld,Sat Jul 28 07:57:06 +0000 2018,60,"Simply stunning!

The longest #BloodMoon eclipse of the 21st Century as seen around the world‚Ä¶ https://t.co/FZZHpFC8IX",0.162,0.838,0.0,0.4389
@BBCWorld,Sat Jul 28 00:50:21 +0000 2018,61,"In 1993, the UN tried to bring democracy to Cambodia. Is that dream dead? https://t.co/lSPT2Ry41T",0.104,0.674,0.223,-0.5106
@BBCWorld,Sat Jul 28 00:10:21 +0000 2018,62,Venezuela opposition legislator flees after 'secret police threats' https://t.co/RNssUZv8ZN,0.0,0.609,0.391,-0.5423
@BBCWorld,Fri Jul 27 22:04:18 +0000 2018,63,"After Toronto rampage, does Canada have a gun problem? https://t.co/foulekoIa3",0.0,0.579,0.421,-0.6249
@BBCWorld,Fri Jul 27 21:31:02 +0000 2018,64,In pictures: Blood moon around the world https://t.co/cRQmVNgcfj #LunarEclipse #BloodMoon #EclipseLunar https://t.co/2aAfds6nA6,0.0,1.0,0.0,0.0
@BBCWorld,Fri Jul 27 20:26:00 +0000 2018,65,"Joseph Kony - child kidnapper, warlord, 'prophet' https://t.co/WG02Qe2FZM",0.0,1.0,0.0,0.0
@BBCWorld,Fri Jul 27 20:21:01 +0000 2018,66,Les Moonves: CBS investigates report of 'misconduct' https://t.co/FGK1j7p4Mh,0.0,1.0,0.0,0.0
@BBCWorld,Fri Jul 27 19:40:48 +0000 2018,67,In pictures: Blood moon around the world https://t.co/DaJQARvotR,0.0,1.0,0.0,0.0
@BBCWorld,Fri Jul 27 18:20:26 +0000 2018,68,Pakistan election: Rival parties reject result and call for new poll https://t.co/cAv9WL5Q3N,0.175,0.649,0.175,0.0
@BBCWorld,Fri Jul 27 18:17:35 +0000 2018,69,Killer whale spotted pushing dead calf for two days https://t.co/SKbR50xCp5,0.0,0.482,0.518,-0.8625
@BBCWorld,Fri Jul 27 17:14:49 +0000 2018,70,Trump 'open' to Moscow visit after Putin extends invite https://t.co/rFPeqrubHc,0.279,0.721,0.0,0.2732
@BBCWorld,Fri Jul 27 16:27:42 +0000 2018,71,Is Australia and New Zealand's 'mateship' in trouble? https://t.co/Z6DcoGpEEE,0.0,0.748,0.252,-0.4019
@BBCWorld,Fri Jul 27 16:19:45 +0000 2018,72,Israeli defence minister calls for West Bank settlement expansion https://t.co/f1FX0lUPQm,0.135,0.865,0.0,0.1027
@BBCWorld,Fri Jul 27 15:44:31 +0000 2018,73,Comedian Seth Rogen to voice Vancouver public transit messages https://t.co/kS0jzcDeYN,0.224,0.776,0.0,0.3818
@BBCWorld,Fri Jul 27 14:46:26 +0000 2018,74,Julian Assange: UK and Ecuador in talks on Wikileaks founder's fate https://t.co/k5yS0hBwNj,0.0,1.0,0.0,0.0
@BBCWorld,Fri Jul 27 14:38:21 +0000 2018,75,"üò≥

https://t.co/qYyE9T1Azb",0.0,1.0,0.0,0.0
@BBCWorld,Fri Jul 27 14:35:44 +0000 2018,76,Korea remains: How are human remains identified? https://t.co/866bLHwHbs,0.0,1.0,0.0,0.0
@BBCWorld,Fri Jul 27 14:32:53 +0000 2018,77,Irish hosepipe ban to continue https://t.co/F09C7G7HMt,0.0,0.581,0.419,-0.5574
@BBCWorld,Fri Jul 27 14:27:40 +0000 2018,78,Ghana MPs giggle over 'Wise Vagina' village name https://t.co/fl5rYCX4QT,0.457,0.543,0.0,0.7096
@BBCWorld,Fri Jul 27 13:59:11 +0000 2018,79,"""We are the economic envy of the entire world""

Donald Trump celebrates America's fastest quarterly growth for four‚Ä¶ https://t.co/YvphCzXja6",0.258,0.656,0.086,0.6369
@BBCWorld,Fri Jul 27 13:49:19 +0000 2018,80,RT @BBCJonSopel: 4.1% GDP growth for last quarter announces @realDonaldTrump - rightly taking a victory lap. Says future is outstanding,0.292,0.708,0.0,0.765
@BBCWorld,Fri Jul 27 13:48:15 +0000 2018,81,"Donald Trump: ""We're going to go a lot higher than these numbers - and these are great numbers""

US President hails‚Ä¶ https://t.co/KPbsWQgmOg",0.177,0.823,0.0,0.6249
@BBCWorld,Fri Jul 27 13:42:52 +0000 2018,82,Hun Sen: Cambodia's strongman prime minister https://t.co/dqPWGrNKCH,0.221,0.779,0.0,0.1779
@BBCWorld,Fri Jul 27 13:25:39 +0000 2018,83,"RT @BBC_HaveYourSay: Please send us your pictures of the blood moon tonight. üåô
Here's how you can get in touch: 
üì∑ yourpics@bbc.co.uk
üìß hav‚Ä¶",0.087,0.913,0.0,0.3182
@BBCWorld,Fri Jul 27 13:18:35 +0000 2018,84,"Is the news media dividing America? 

https://t.co/gVPOXfTiNV https://t.co/PNFxek62AZ",0.0,1.0,0.0,0.0
@BBCWorld,Fri Jul 27 13:16:28 +0000 2018,85,Juana Rivas: Court jails mother who hid with sons in custody battle https://t.co/g76EYpNasU,0.0,0.733,0.267,-0.4588
@BBCWorld,Fri Jul 27 12:34:23 +0000 2018,86,Greek fires: 'Hearts empty' over death of Irishman https://t.co/g07qyZ8R5T,0.0,0.551,0.449,-0.6908
@BBCWorld,Fri Jul 27 12:21:26 +0000 2018,87,Malcolm Turnbull: Why Australians are up in arms about 'pie-gate' https://t.co/DKruMzag5T,0.0,1.0,0.0,0.0
@BBCWorld,Fri Jul 27 12:18:31 +0000 2018,88,Dublin: Horse found in back of van https://t.co/ovNMZcIo7R,0.0,1.0,0.0,0.0
@BBCWorld,Fri Jul 27 12:05:10 +0000 2018,89,Motorcyclist killed in three-vehicle TT course crash https://t.co/l9KtiooNrd,0.0,0.455,0.545,-0.802
@BBCWorld,Fri Jul 27 11:28:59 +0000 2018,90,Facebook: Explaining the company's historic share slump https://t.co/Ftgg9DiTM9,0.239,0.761,0.0,0.296
@BBCWorld,Fri Jul 27 11:10:44 +0000 2018,91,Munich replaces pavement Holocaust memorials https://t.co/IYuxzAjr8Z,0.0,1.0,0.0,0.0
@BBCWorld,Fri Jul 27 10:02:55 +0000 2018,92,"RT @BBC_HaveYourSay: How were you affected by the 2008 bank crash? 
What direction did your life take? üß≠

Get in touch: 
üì±via WhatsApp: +44‚Ä¶",0.0,0.825,0.175,-0.5661
@BBCWorld,Fri Jul 27 09:41:59 +0000 2018,93,LeBron James: NBA star 'regrets' giving son his name https://t.co/5lIbn5oI5a,0.211,0.789,0.0,0.34
@BBCWorld,Fri Jul 27 09:22:34 +0000 2018,94,RT @BBCNewsGraphics: The number of wildfires in Europe is well above average this year - there were 427 blazes between 1 January and 24 Jul‚Ä¶,0.139,0.861,0.0,0.34
@BBCWorld,Fri Jul 27 09:08:04 +0000 2018,95,Poland protests: Thousands rally against court changes https://t.co/Kj6VrhG8KO,0.0,0.787,0.213,-0.2263
@BBCWorld,Fri Jul 27 08:32:49 +0000 2018,96,"RT @BBCAfrica: Is this Africa‚Äôs most inventive neighbourbood?
Full story: https://t.co/y8VEhMlung
 #BBCInnovators #SocEnt https://t.co/2vnp‚Ä¶",0.0,1.0,0.0,0.0
@BBCWorld,Fri Jul 27 07:35:26 +0000 2018,97,India woman held for leaving dead infant aboard plane https://t.co/ekIayTzimh,0.082,0.597,0.321,-0.6369
@BBCWorld,Fri Jul 27 07:32:43 +0000 2018,98,Vanuatu: Ambae island evacuated again over volcano eruption https://t.co/oIjp9l2874,0.0,1.0,0.0,0.0
@BBCWorld,Fri Jul 27 07:24:50 +0000 2018,99,"Logan Paul: BBC pulls radio interview 

https://t.co/rlKbHxZVh9",0.0,1.0,0.0,0.0
@BBCWorld,Fri Jul 27 05:12:53 +0000 2018,100,Australian woman guilty of murder in headless torso case https://t.co/pCqcFTmBoR,0.0,0.516,0.484,-0.8176
@CBSNews,Sun Jul 29 17:20:36 +0000 2018,1,"""CASE CLOSED"": After 81 years of mystery, new evidence in Amelia Earheart's disappearance could change everything‚Ä¶ https://t.co/UuIGQboYUQ",0.0,1.0,0.0,0.0
@CBSNews,Sun Jul 29 17:16:09 +0000 2018,2,"‚ÄúThis¬†confirms what they believed that¬†he was going to do, in that they don't like these¬†sort of multi-national dea‚Ä¶ https://t.co/b5dYIprF4y",0.0,0.909,0.091,-0.2755
@CBSNews,Sun Jul 29 17:00:45 +0000 2018,3,"White House economic adviser Larry Kudlow says trade negotiations with the European Union are set to begin ""immedia‚Ä¶ https://t.co/IeNhRblp4s",0.0,1.0,0.0,0.0
@CBSNews,Sun Jul 29 16:46:02 +0000 2018,4,"""This isn't part of conservative orthodoxy, but what you see there is that a lot of folks aren't really very ideolo‚Ä¶ https://t.co/5XaHCiBaRk",0.0,1.0,0.0,0.0
@CBSNews,Sun Jul 29 16:42:13 +0000 2018,5,"""One of the things we pollsters have been watching over the last few years is how much partisan ratings play into w‚Ä¶ https://t.co/U9fzIGMdof",0.098,0.902,0.0,0.34
@CBSNews,Sun Jul 29 16:40:47 +0000 2018,6,"Amid ongoing concern over continued efforts by Russian hackers to infiltrate U.S. election systems, @SenatorShaheen‚Ä¶ https://t.co/lV5CszYWFN",0.0,1.0,0.0,0.0
@CBSNews,Sun Jul 29 16:25:29 +0000 2018,7,"On @FaceTheNation, @margbrennan asks Sen. Ron Johnson (R-WI) to expand on his statement that the response to retali‚Ä¶ https://t.co/DxRRpb3VTK",0.113,0.887,0.0,0.3182
@CBSNews,Sun Jul 29 16:07:15 +0000 2018,8,"Sen. Ron Johnson (R-WI) is impressed with the GDP's growth during the Trump administration, but told @FaceTheNation‚Ä¶ https://t.co/Ad99beHNZe",0.194,0.806,0.0,0.431
@CBSNews,Sun Jul 29 16:00:02 +0000 2018,9,"President Trump's attorney Rudy Giuliani says that federal investigators have 183 ""unique conversations"" recorded b‚Ä¶ https://t.co/PBdpQN2m1P",0.0,1.0,0.0,0.0
@CBSNews,Sun Jul 29 15:46:27 +0000 2018,10,.@margbrennan: Should the president go ahead with sanctions on Turkey which he called for this week?‚Ä¶ https://t.co/KhJwzRcvUC,0.0,1.0,0.0,0.0
@CBSNews,Sun Jul 29 15:44:31 +0000 2018,11,"""I was disappointed that he refused to address directly any of the specific questions about what happened in Helsin‚Ä¶ https://t.co/F02BDqyAPH",0.0,0.773,0.227,-0.6486
@CBSNews,Sun Jul 29 15:36:11 +0000 2018,12,"""A key point here is that all of a sudden the Chinese are being isolated. China by the way asked the EU to do a tra‚Ä¶ https://t.co/RnwHiXLh5V",0.0,0.913,0.087,-0.3182
@CBSNews,Sun Jul 29 15:25:00 +0000 2018,13,"""We know of something like 183 unique conversations on tape. One of those the president of the United States, three‚Ä¶ https://t.co/6yJETkJ6Sk",0.218,0.782,0.0,0.6486
@CBSNews,Sun Jul 29 15:20:56 +0000 2018,14,"""I don't see how you can believe Michael Cohen, he's also the guy that taped [President Trump] without telling him.‚Ä¶ https://t.co/Pri6YdMvwE",0.0,1.0,0.0,0.0
@CBSNews,Sun Jul 29 15:16:29 +0000 2018,15,"""First of all, obstruction by tweet is not something that I think works real well. Generally obstruction is secret,‚Ä¶ https://t.co/1OGlu2z27L",0.104,0.896,0.0,0.2732
@CBSNews,Sun Jul 29 15:12:30 +0000 2018,16,"@CBSNews¬†Rudy Giuliani says he hopes to resolve possible Mueller interview by ""maybe this week"" https://t.co/npAOFbOpU7",0.278,0.722,0.0,0.6597
@CBSNews,Sun Jul 29 15:07:47 +0000 2018,17,"If President Trump meets with special counsel Robert Mueller, Rudy Giuliani tells @FaceTheNation the area of questi‚Ä¶ https://t.co/iPFM00kTJM",0.137,0.863,0.0,0.4019
@CBSNews,Sun Jul 29 14:56:43 +0000 2018,18,"""We have negotiations going on,"" President Trump's personal lawyer Rudy Giuliani says on @FaceTheNation about Trump‚Ä¶ https://t.co/6h02EmPj2Y",0.0,1.0,0.0,0.0
@CBSNews,Sun Jul 29 14:49:33 +0000 2018,19,"President Trump tweeted about a ""very good and interesting meeting"" he says he had at the White House with the publ‚Ä¶ https://t.co/B1Wp6MdIDc",0.245,0.755,0.0,0.7316
@CBSNews,Sun Jul 29 14:43:57 +0000 2018,20,"Half of Americans say President Trump is doing a good job on the economy, but his trade policies in particular do n‚Ä¶ https://t.co/YcAXiLy5es",0.085,0.915,0.0,0.2382
@CBSNews,Sun Jul 29 17:20:36 +0000 2018,21,"""CASE CLOSED"": After 81 years of mystery, new evidence in Amelia Earheart's disappearance could change everything‚Ä¶ https://t.co/UuIGQboYUQ",0.0,1.0,0.0,0.0
@CBSNews,Sun Jul 29 17:16:09 +0000 2018,22,"‚ÄúThis¬†confirms what they believed that¬†he was going to do, in that they don't like these¬†sort of multi-national dea‚Ä¶ https://t.co/b5dYIprF4y",0.0,0.909,0.091,-0.2755
@CBSNews,Sun Jul 29 17:00:45 +0000 2018,23,"White House economic adviser Larry Kudlow says trade negotiations with the European Union are set to begin ""immedia‚Ä¶ https://t.co/IeNhRblp4s",0.0,1.0,0.0,0.0
@CBSNews,Sun Jul 29 16:46:02 +0000 2018,24,"""This isn't part of conservative orthodoxy, but what you see there is that a lot of folks aren't really very ideolo‚Ä¶ https://t.co/5XaHCiBaRk",0.0,1.0,0.0,0.0
@CBSNews,Sun Jul 29 16:42:13 +0000 2018,25,"""One of the things we pollsters have been watching over the last few years is how much partisan ratings play into w‚Ä¶ https://t.co/U9fzIGMdof",0.098,0.902,0.0,0.34
@CBSNews,Sun Jul 29 16:40:47 +0000 2018,26,"Amid ongoing concern over continued efforts by Russian hackers to infiltrate U.S. election systems, @SenatorShaheen‚Ä¶ https://t.co/lV5CszYWFN",0.0,1.0,0.0,0.0
@CBSNews,Sun Jul 29 16:25:29 +0000 2018,27,"On @FaceTheNation, @margbrennan asks Sen. Ron Johnson (R-WI) to expand on his statement that the response to retali‚Ä¶ https://t.co/DxRRpb3VTK",0.113,0.887,0.0,0.3182
@CBSNews,Sun Jul 29 16:07:15 +0000 2018,28,"Sen. Ron Johnson (R-WI) is impressed with the GDP's growth during the Trump administration, but told @FaceTheNation‚Ä¶ https://t.co/Ad99beHNZe",0.194,0.806,0.0,0.431
@CBSNews,Sun Jul 29 16:00:02 +0000 2018,29,"President Trump's attorney Rudy Giuliani says that federal investigators have 183 ""unique conversations"" recorded b‚Ä¶ https://t.co/PBdpQN2m1P",0.0,1.0,0.0,0.0
@CBSNews,Sun Jul 29 15:46:27 +0000 2018,30,.@margbrennan: Should the president go ahead with sanctions on Turkey which he called for this week?‚Ä¶ https://t.co/KhJwzRcvUC,0.0,1.0,0.0,0.0
@CBSNews,Sun Jul 29 15:44:31 +0000 2018,31,"""I was disappointed that he refused to address directly any of the specific questions about what happened in Helsin‚Ä¶ https://t.co/F02BDqyAPH",0.0,0.773,0.227,-0.6486
@CBSNews,Sun Jul 29 15:36:11 +0000 2018,32,"""A key point here is that all of a sudden the Chinese are being isolated. China by the way asked the EU to do a tra‚Ä¶ https://t.co/RnwHiXLh5V",0.0,0.913,0.087,-0.3182
@CBSNews,Sun Jul 29 15:25:00 +0000 2018,33,"""We know of something like 183 unique conversations on tape. One of those the president of the United States, three‚Ä¶ https://t.co/6yJETkJ6Sk",0.218,0.782,0.0,0.6486
@CBSNews,Sun Jul 29 15:20:56 +0000 2018,34,"""I don't see how you can believe Michael Cohen, he's also the guy that taped [President Trump] without telling him.‚Ä¶ https://t.co/Pri6YdMvwE",0.0,1.0,0.0,0.0
@CBSNews,Sun Jul 29 15:16:29 +0000 2018,35,"""First of all, obstruction by tweet is not something that I think works real well. Generally obstruction is secret,‚Ä¶ https://t.co/1OGlu2z27L",0.104,0.896,0.0,0.2732
@CBSNews,Sun Jul 29 15:12:30 +0000 2018,36,"@CBSNews¬†Rudy Giuliani says he hopes to resolve possible Mueller interview by ""maybe this week"" https://t.co/npAOFbOpU7",0.278,0.722,0.0,0.6597
@CBSNews,Sun Jul 29 15:07:47 +0000 2018,37,"If President Trump meets with special counsel Robert Mueller, Rudy Giuliani tells @FaceTheNation the area of questi‚Ä¶ https://t.co/iPFM00kTJM",0.137,0.863,0.0,0.4019
@CBSNews,Sun Jul 29 14:56:43 +0000 2018,38,"""We have negotiations going on,"" President Trump's personal lawyer Rudy Giuliani says on @FaceTheNation about Trump‚Ä¶ https://t.co/6h02EmPj2Y",0.0,1.0,0.0,0.0
@CBSNews,Sun Jul 29 14:49:33 +0000 2018,39,"President Trump tweeted about a ""very good and interesting meeting"" he says he had at the White House with the publ‚Ä¶ https://t.co/B1Wp6MdIDc",0.245,0.755,0.0,0.7316
@CBSNews,Sun Jul 29 14:43:57 +0000 2018,40,"Half of Americans say President Trump is doing a good job on the economy, but his trade policies in particular do n‚Ä¶ https://t.co/YcAXiLy5es",0.085,0.915,0.0,0.2382
@CBSNews,Sun Jul 29 14:27:52 +0000 2018,41,Expedition cruising is a rapidly-growing sector of the tourism industry that brings visitors to ecologically pristi‚Ä¶ https://t.co/slHPGjzyAU,0.0,1.0,0.0,0.0
@CBSNews,Sun Jul 29 14:09:48 +0000 2018,42,"Have money ruined by water, fire or pests? The U.S. Bureau of Engraving and Printing has examiners who will piece t‚Ä¶ https://t.co/slYSUJeSCm",0.0,0.784,0.216,-0.6705
@CBSNews,Sun Jul 29 13:49:44 +0000 2018,43,"The shared office space industry - providing community for freelancers and small business operators, as well as per‚Ä¶ https://t.co/synW8XXKhD",0.282,0.718,0.0,0.5994
@CBSNews,Sun Jul 29 13:35:10 +0000 2018,44,"A 6.4 magnitude earthquake killed at least 14 people and injured more than 160 on Indonesia's Lombok island, a popu‚Ä¶ https://t.co/IdYFEhk7Vz",0.0,0.702,0.298,-0.802
@CBSNews,Sun Jul 29 13:25:05 +0000 2018,45,"RT @FaceTheNation: TODAY: @margbrennan questions...
‚úîÔ∏è @RudyGiuliani 
‚úîÔ∏è @larry_kudlow 
‚úîÔ∏è @SenatorShaheen 
‚úîÔ∏è @SenRonJohnson 
Don't miss @‚Ä¶",0.059,0.941,0.0,0.1139
@CBSNews,Sun Jul 29 13:03:04 +0000 2018,46,Blueprints for 3D-printed guns will soon be available following legal battle https://t.co/Q6IlsHun3d https://t.co/MIvCz3II5t,0.099,0.728,0.172,-0.2732
@CBSNews,Sun Jul 29 12:48:06 +0000 2018,47,Nurse captures heartwarming photo of elderly couple in NYC subway https://t.co/9XGSEEmREj https://t.co/hSpxSo3tm9,0.22,0.78,0.0,0.4767
@CBSNews,Sun Jul 29 12:33:04 +0000 2018,48,The regional accents Americans find the most ‚Äì and least ‚Äì attractive https://t.co/btuhPZ2Csv https://t.co/VCnnzRqouL,0.0,0.809,0.191,-0.3821
@CBSNews,Sun Jul 29 12:18:04 +0000 2018,49,"President Trump, RNC to send cash to Republican candidates nationwide https://t.co/3Tyq88qm6Y https://t.co/bayNKwKqcK",0.0,1.0,0.0,0.0
@CBSNews,Sun Jul 29 12:03:03 +0000 2018,50,"3-year-old twins, Tom and Brady, fly 8,000 miles to meet their namesake Tom Brady https://t.co/S9LEGkrcSd https://t.co/c8SeFLwVcI",0.0,1.0,0.0,0.0
@CBSNews,Sun Jul 29 11:48:04 +0000 2018,51,"At Ample Hills Creamery, every flavor tells a story https://t.co/PGpUg3Bfev https://t.co/sAtPHMXv9R",0.0,1.0,0.0,0.0
@CBSNews,Sun Jul 29 11:33:03 +0000 2018,52,President Trump denies advance knowledge of son's meeting with Russian lawyer https://t.co/h5uiI5sPx6 https://t.co/X864ufvMNs,0.0,0.811,0.189,-0.4215
@CBSNews,Sun Jul 29 11:18:04 +0000 2018,53,"Jane Fonda says she, Dolly Parton and Lily Tomlin are returning for ""9 to 5"" sequel https://t.co/mLuIjGDW7Y https://t.co/VQpeyYEvXM",0.0,1.0,0.0,0.0
@CBSNews,Sun Jul 29 11:03:04 +0000 2018,54,"""Dave,"" a movie about an accidental president, is adapted for the stage https://t.co/9hq5dra1gn https://t.co/ahJkt5CM2t",0.0,0.902,0.098,-0.0772
@CBSNews,Sun Jul 29 10:48:03 +0000 2018,55,Two former Ohio State students speak out on doctor's alleged sexual abuse https://t.co/EwvEb0XHdN https://t.co/uXcqqxUtiz,0.0,0.756,0.244,-0.6369
@CBSNews,Sun Jul 29 10:33:04 +0000 2018,56,Joaquin Castro talks about twin's possible 2020 presidential run https://t.co/yYKrKwcX9g https://t.co/1n9hPwp4c6,0.0,1.0,0.0,0.0
@CBSNews,Sun Jul 29 10:18:03 +0000 2018,57,"Roseanne Barr apologizes for tweet, says she's a ""creative genius"" https://t.co/4IFMt92RzS https://t.co/OpwcpfzUSE",0.375,0.625,0.0,0.6597
@CBSNews,Sun Jul 29 10:03:02 +0000 2018,58,"Philadelphia to stop giving ICE access to arrest database, mayor says https://t.co/17XWvGopwN https://t.co/0NroTJDNzU",0.141,0.588,0.271,-0.296
@CBSNews,Sun Jul 29 09:48:03 +0000 2018,59,Student's mom is on the mend months after teacher donated a kidney https://t.co/r73DTINwH8 https://t.co/ZMA8IZphtG,0.0,1.0,0.0,0.0
@CBSNews,Sun Jul 29 09:33:03 +0000 2018,60,"Record-breaking heat and fires are worsened by climate change, scientists say https://t.co/RonHZMoOQY https://t.co/vk1CFc4Ufq",0.0,0.805,0.195,-0.4404
@CBSNews,Sun Jul 29 09:18:03 +0000 2018,61,Mark Zuckerberg faces investors' criticism after Facebook's historic stock loss https://t.co/YDz8ChcZ62 https://t.co/zKNhJku2hU,0.0,0.658,0.342,-0.6369
@CBSNews,Sun Jul 29 09:03:04 +0000 2018,62,Former NY power broker Sheldon Silver begs judge for mercy after corruption trial https://t.co/npecVmi5wK https://t.co/3Y6sUqReaV,0.152,0.848,0.0,0.3612
@CBSNews,Sun Jul 29 08:48:04 +0000 2018,63,"Judge says government ""gets credit"" for reuniting immigrant families, but warns better system needed‚Ä¶ https://t.co/6UF7oeLqQl",0.294,0.623,0.083,0.6187
@CBSNews,Sun Jul 29 08:33:03 +0000 2018,64,Priyanka Chopra and Nick Jonas are reportedly engaged https://t.co/Z8uwGuBipC https://t.co/TBcffo73ha,0.231,0.769,0.0,0.4019
@CBSNews,Sun Jul 29 08:18:04 +0000 2018,65,"Michael Avenatti claims 3 women were paid ""hush money"" before election https://t.co/qJCfgm0R90 https://t.co/YdOkXHAndG",0.0,1.0,0.0,0.0
@CBSNews,Sun Jul 29 08:03:05 +0000 2018,66,10 of 11 relocated rhinos die as Kenya conservation bid backfires https://t.co/zLEcxvJQxt https://t.co/95G0Jit6B7,0.0,0.755,0.245,-0.5994
@CBSNews,Sun Jul 29 07:48:04 +0000 2018,67,"Taylor Swift donates hundreds of tickets to mourning Weymouth, Massachusetts police department‚Ä¶ https://t.co/1D7ZegYSxV",0.115,0.701,0.185,-0.2732
@CBSNews,Sun Jul 29 07:33:03 +0000 2018,68,"""High probability"" former Bush doctor fatally shot on bike was targeted, police say https://t.co/gELyNt5JCE https://t.co/3xbZ6bKwZ8",0.0,0.769,0.231,-0.6369
@CBSNews,Sun Jul 29 07:18:04 +0000 2018,69,White House updates online transcript of Trump-Putin news conference https://t.co/NNx9npwxPQ https://t.co/2Duob8Yy1C,0.0,1.0,0.0,0.0
@CBSNews,Sun Jul 29 07:03:04 +0000 2018,70,Old WWII ammo hampers forest fire fight in Germany https://t.co/SmjbkrHIsZ https://t.co/4glfY9PJ2T,0.0,0.643,0.357,-0.6124
@CBSNews,Sun Jul 29 06:48:03 +0000 2018,71,Arkansas company makes caskets that look like mini fishing boats https://t.co/wieBzlQaub https://t.co/jiiTxQz738,0.185,0.815,0.0,0.3612
@CBSNews,Sun Jul 29 06:33:05 +0000 2018,72,"Dad dances to Ciara's ""Level Up"" for son with leukemia, gets singer's attention https://t.co/JQQ5ZNglCK https://t.co/rNgbir8MD1",0.0,1.0,0.0,0.0
@CBSNews,Sun Jul 29 06:18:04 +0000 2018,73,Hundreds attend funeral for Indiana family members killed in duck boat accident https://t.co/RPcqem54IO https://t.co/ugDfkCN60X,0.0,0.521,0.479,-0.8779
@CBSNews,Sun Jul 29 06:03:03 +0000 2018,74,Southwest CEO says no assigned seats -- for now https://t.co/orIJqhJXey https://t.co/kiH8SikdSq,0.0,0.82,0.18,-0.296
@CBSNews,Sun Jul 29 05:48:04 +0000 2018,75,Colombian drug cartel put a $70K bounty on this dog https://t.co/Umz69c83qJ https://t.co/c0AtWmDZm6,0.0,1.0,0.0,0.0
@CBSNews,Sun Jul 29 05:33:03 +0000 2018,76,Republicans push to overhaul the Endangered Species Act before midterms https://t.co/avApSlGmZS https://t.co/CzOG7wwpDa,0.0,1.0,0.0,0.0
@CBSNews,Sun Jul 29 05:18:03 +0000 2018,77,"Review: ""Mission: Impossible ‚Äì Fallout"" impossible to follow, but great fun anyway https://t.co/funepqpM4r https://t.co/YEHgePoPDf",0.479,0.521,0.0,0.9022
@CBSNews,Sun Jul 29 05:14:05 +0000 2018,78,"New Orleans shooting leaves 3 dead, 7 injured https://t.co/0JaaWIoxAd https://t.co/WbAJu7S9KR",0.0,0.462,0.538,-0.7906
@CBSNews,Sun Jul 29 05:03:07 +0000 2018,79,"""We are Guinea pigs"": Filmmakers on the risks of medical devices https://t.co/9RSUwsy8pK https://t.co/KWKpfF7c9j",0.0,0.851,0.149,-0.2732
@CBSNews,Sun Jul 29 04:48:02 +0000 2018,80,Cops: Suspect in slaying of New York nurse caught holding woman captive in L.A. hotel https://t.co/afB3tMPfI7 https://t.co/XQF5RtgHlE,0.0,0.879,0.121,-0.296
@CBSNews,Sun Jul 29 04:33:03 +0000 2018,81,Details emerge about what happened before and after Demi Lovato's apparent overdose https://t.co/M1rJTkDc4O https://t.co/iNbSapcQBN,0.0,1.0,0.0,0.0
@CBSNews,Sun Jul 29 04:18:03 +0000 2018,82,"""You're killin' me, Smalls"": Man wearing ""Sandlot"" T-shirt unknowingly takes a photo with ""Sandlot"" stars‚Ä¶ https://t.co/X67g0osN58",0.0,1.0,0.0,0.0
@CBSNews,Sun Jul 29 04:03:05 +0000 2018,83,"""Nasty"" sexploitation scam demands bitcoin ransom https://t.co/TmB6TmwvvC https://t.co/RRN26zV1Ap",0.0,0.654,0.346,-0.5719
@CBSNews,Sun Jul 29 03:58:06 +0000 2018,84,"5 dead in possible murder-suicide at nursing home, residence in Texas https://t.co/uXM4Rvd4gP https://t.co/tpg3MUqcYO",0.0,0.719,0.281,-0.6486
@CBSNews,Sun Jul 29 03:48:04 +0000 2018,85,The new American adult: Mom and dad help pay the bills https://t.co/1JphcirdtE https://t.co/oIIRYHi9MW,0.179,0.728,0.093,0.3182
@CBSNews,Sun Jul 29 03:33:03 +0000 2018,86,PewDiePie apologizes for making fun of Demi Lovato's hospitalization https://t.co/gSJkM8biBH https://t.co/mCctI0dQdF,0.392,0.608,0.0,0.7003
@CBSNews,Sun Jul 29 03:18:04 +0000 2018,87,"After Pruitt's exit, EPA rescinds order allowing polluting diesel truck engines https://t.co/PBkvlBYvBX https://t.co/YkpxQjtEXm",0.0,1.0,0.0,0.0
@CBSNews,Sun Jul 29 03:03:05 +0000 2018,88,"On turning 50: ""Exploit the perspective that comes from age"" https://t.co/8s2ccll2TB https://t.co/fHsrDhdgc4",0.0,0.887,0.113,-0.1027
@CBSNews,Sun Jul 29 02:48:03 +0000 2018,89,"""Unbearable pain my heart"": Mom speaks out after crash that killed husband, 4 daughters https://t.co/c4MHQQuGCj https://t.co/CISs8wrTXM",0.0,0.533,0.467,-0.8885
@CBSNews,Sun Jul 29 02:33:04 +0000 2018,90,Mom and five children dead in Michigan motel fire https://t.co/k7v2N3JIPj https://t.co/R0Mo9ItW4z,0.0,0.573,0.427,-0.7717
@CBSNews,Sun Jul 29 02:24:05 +0000 2018,91,Florida police officer dies a week after being shot https://t.co/ZfGZg2LyvR https://t.co/NlXMdIXq3m,0.0,1.0,0.0,0.0
@CBSNews,Sun Jul 29 02:18:03 +0000 2018,92,GDP growth touted as ‚Äúhistoric‚Äù by President Trump is anything but https://t.co/fbkXq5kWZd https://t.co/owKkfSk1xF,0.129,0.791,0.079,0.1779
@CBSNews,Sun Jul 29 02:03:03 +0000 2018,93,Teen infected with hookworms after being buried in sand at Florida beach https://t.co/NJpoROnMih https://t.co/VTIJ1zA1MO,0.0,0.802,0.198,-0.4939
@CBSNews,Sun Jul 29 01:48:05 +0000 2018,94,Fourth suspect sentenced in live-streamed beating of disabled teen https://t.co/lyZxYbGbI0 https://t.co/2nCH5wd1Fi,0.0,0.559,0.441,-0.6486
@CBSNews,Sun Jul 29 01:33:03 +0000 2018,95,"Doctor charged with sexual battery on boy, 15, he said he was ""cuddling"" https://t.co/mF7hT76uj2 https://t.co/ydFuYUig6n",0.0,0.886,0.114,-0.2023
@CBSNews,Sun Jul 29 01:18:03 +0000 2018,96,Family takes down grandmother's wheelchair ramp under pressure from county https://t.co/IRpTW4cMLo https://t.co/D99X1o9UBR,0.0,0.833,0.167,-0.296
@CBSNews,Sun Jul 29 01:03:04 +0000 2018,97,"Carrie Fisher will appear in ""Star Wars: Episode IX"" https://t.co/Br4cr5bGc0 https://t.co/lJrwLbi3uZ",0.0,0.735,0.265,-0.5574
@CBSNews,Sun Jul 29 00:48:12 +0000 2018,98,"""Firenado"" seen in California wildfire is a scientific phenomenon https://t.co/ZhoxeCnKhv https://t.co/zYfLoaYBrv",0.0,1.0,0.0,0.0
@CBSNews,Sun Jul 29 00:33:03 +0000 2018,99,Man charged with intentionally starting nine Southern California fires https://t.co/h1ua3UEtd2 https://t.co/eAef02PbkV,0.0,0.847,0.153,-0.2023
@CBSNews,Sun Jul 29 00:32:05 +0000 2018,100,Magnitude-6.4 earthquake strikes Indonesia's Lombok island https://t.co/Nn5Y1Ib7hk https://t.co/3QMl0Hrbe9,0.0,0.737,0.263,-0.3612
@CNN,Sun Jul 29 17:18:00 +0000 2018,1,President Trump‚Äôs chief economic adviser Larry Kudlow on the criticism surrounding tariffs: ‚ÄúDon‚Äôt blame President‚Ä¶ https://t.co/500k5oO8w2,0.0,0.725,0.275,-0.6486
@CNN,Sun Jul 29 17:05:20 +0000 2018,2,This man built a floating bicycle so he could clean trash from a river in order to raise awareness about plastic po‚Ä¶ https://t.co/s70T5FO2pZ,0.129,0.871,0.0,0.4522
@CNN,Sun Jul 29 16:53:25 +0000 2018,3,Trump's 2020 campaign denies reports that it is producing flags in China https://t.co/OoiPiKjcFf https://t.co/FlJ4efPygH,0.0,0.823,0.177,-0.4215
@CNN,Sun Jul 29 16:40:53 +0000 2018,4,"Trump lawyer Rudy Giuliani once praised Michael Cohen as 'honest,' but now says Cohen has 'lied all his life'‚Ä¶ https://t.co/AuzdI38OLV",0.089,0.766,0.145,-0.3182
@CNN,Sun Jul 29 16:31:12 +0000 2018,5,What you need to know about 'stand your ground' laws https://t.co/ouj4Dp8ots https://t.co/cd2fY6FhNZ,0.0,1.0,0.0,0.0
@CNN,Sun Jul 29 16:16:39 +0000 2018,6,"The United Nations has verified 7,000 cases of children either killed or maimed in Syria's seven-year war, but says‚Ä¶ https://t.co/5DDdEc5z8S",0.079,0.705,0.216,-0.5106
@CNN,Sun Jul 29 16:04:04 +0000 2018,7,Palestinian teen activist Ahed Tamimi has been released from an Israeli prison after serving an 8-month prison sent‚Ä¶ https://t.co/AvPuJbaTDm,0.0,0.72,0.28,-0.765
@CNN,Sun Jul 29 15:54:15 +0000 2018,8,5 metrics that suggest Democrats are poised for big wins 100 days to the midterms | Analysis by @ForecasterEnten‚Ä¶ https://t.co/SEzQTXjMmZ,0.263,0.737,0.0,0.6908
@CNN,Sun Jul 29 15:40:05 +0000 2018,9,"A manhunt is underway for two suspects accused of killing three people and injuring seven others in New Orleans, th‚Ä¶ https://t.co/CNYraRdA9T",0.0,0.654,0.346,-0.8402
@CNN,Sun Jul 29 15:31:32 +0000 2018,10,"On this day in 1958, President Dwight D. Eisenhower signed the National Aeronautics and Space Act, which establishe‚Ä¶ https://t.co/TpVjqvFWso",0.0,1.0,0.0,0.0
@CNN,Sun Jul 29 15:15:10 +0000 2018,11,There are 100 days to the midterm election. Here's what to watch: https://t.co/yqi6ZX3a41 https://t.co/PgkWJY6vbC,0.0,1.0,0.0,0.0
@CNN,Sun Jul 29 15:01:14 +0000 2018,12,Civil rights icon and Georgia congressman Rep. John Lewis has been hospitalized but is expected to be released late‚Ä¶ https://t.co/Y8KpPUJefT,0.0,1.0,0.0,0.0
@CNN,Sun Jul 29 15:01:06 +0000 2018,13,A clinical trial run by UCLA is testing a potentially pioneering form of immunotherapy that could turn a patient's‚Ä¶ https://t.co/ILFbFlqJXL,0.0,1.0,0.0,0.0
@CNN,Sun Jul 29 14:56:11 +0000 2018,14,"2018 is on pace to be the fourth hottest year on record, according to data from the National Oceanic and Atmospheri‚Ä¶ https://t.co/K6FMntJR1t",0.0,1.0,0.0,0.0
@CNN,Sun Jul 29 14:40:06 +0000 2018,15,Recep Tayyip Erdogan denies that Turkey has agreed to free a detained American pastor as part of a possible deal wi‚Ä¶ https://t.co/iiiT1mdcfX,0.201,0.595,0.204,-0.0258
@CNN,Sun Jul 29 14:30:07 +0000 2018,16,A 12-year-old boy who can't speak wrote a book with his eyes https://t.co/GmvT6OSsUY https://t.co/t1w6FJR6iN,0.0,1.0,0.0,0.0
@CNN,Sun Jul 29 14:22:29 +0000 2018,17,President Trump threatens to push the government into shutdown ahead of the coming appropriations deadline if Congr‚Ä¶ https://t.co/F4KsOZEbdv,0.0,0.867,0.133,-0.3818
@CNN,Sun Jul 29 14:16:06 +0000 2018,18,What sparks your curiosity? See how Steve Jobs and other curious entrepreneurs revolutionized our world through tec‚Ä¶ https://t.co/J3649I6KqG,0.119,0.881,0.0,0.3182
@CNN,Sun Jul 29 14:00:13 +0000 2018,19,Palestinian teenage activist Ahed Tamimi has been freed from an Israeli prison after serving an eight-month prison‚Ä¶ https://t.co/KkXsei7Zl0,0.123,0.727,0.15,-0.1531
@CNN,Sun Jul 29 13:46:52 +0000 2018,20,The former mayor of New Orleans Mitch Landrieu says he is a ‚Äúradical centrist‚Äù: ‚ÄúI don‚Äôt think abolishing ICE is a‚Ä¶ https://t.co/t7L2vJiZPw,0.0,1.0,0.0,0.0
@CNN,Sun Jul 29 17:18:00 +0000 2018,21,President Trump‚Äôs chief economic adviser Larry Kudlow on the criticism surrounding tariffs: ‚ÄúDon‚Äôt blame President‚Ä¶ https://t.co/500k5oO8w2,0.0,0.725,0.275,-0.6486
@CNN,Sun Jul 29 17:05:20 +0000 2018,22,This man built a floating bicycle so he could clean trash from a river in order to raise awareness about plastic po‚Ä¶ https://t.co/s70T5FO2pZ,0.129,0.871,0.0,0.4522
@CNN,Sun Jul 29 16:53:25 +0000 2018,23,Trump's 2020 campaign denies reports that it is producing flags in China https://t.co/OoiPiKjcFf https://t.co/FlJ4efPygH,0.0,0.823,0.177,-0.4215
@CNN,Sun Jul 29 16:40:53 +0000 2018,24,"Trump lawyer Rudy Giuliani once praised Michael Cohen as 'honest,' but now says Cohen has 'lied all his life'‚Ä¶ https://t.co/AuzdI38OLV",0.089,0.766,0.145,-0.3182
@CNN,Sun Jul 29 16:31:12 +0000 2018,25,What you need to know about 'stand your ground' laws https://t.co/ouj4Dp8ots https://t.co/cd2fY6FhNZ,0.0,1.0,0.0,0.0
@CNN,Sun Jul 29 16:16:39 +0000 2018,26,"The United Nations has verified 7,000 cases of children either killed or maimed in Syria's seven-year war, but says‚Ä¶ https://t.co/5DDdEc5z8S",0.079,0.705,0.216,-0.5106
@CNN,Sun Jul 29 16:04:04 +0000 2018,27,Palestinian teen activist Ahed Tamimi has been released from an Israeli prison after serving an 8-month prison sent‚Ä¶ https://t.co/AvPuJbaTDm,0.0,0.72,0.28,-0.765
@CNN,Sun Jul 29 15:54:15 +0000 2018,28,5 metrics that suggest Democrats are poised for big wins 100 days to the midterms | Analysis by @ForecasterEnten‚Ä¶ https://t.co/SEzQTXjMmZ,0.263,0.737,0.0,0.6908
@CNN,Sun Jul 29 15:40:05 +0000 2018,29,"A manhunt is underway for two suspects accused of killing three people and injuring seven others in New Orleans, th‚Ä¶ https://t.co/CNYraRdA9T",0.0,0.654,0.346,-0.8402
@CNN,Sun Jul 29 15:31:32 +0000 2018,30,"On this day in 1958, President Dwight D. Eisenhower signed the National Aeronautics and Space Act, which establishe‚Ä¶ https://t.co/TpVjqvFWso",0.0,1.0,0.0,0.0
@CNN,Sun Jul 29 15:15:10 +0000 2018,31,There are 100 days to the midterm election. Here's what to watch: https://t.co/yqi6ZX3a41 https://t.co/PgkWJY6vbC,0.0,1.0,0.0,0.0
@CNN,Sun Jul 29 15:01:14 +0000 2018,32,Civil rights icon and Georgia congressman Rep. John Lewis has been hospitalized but is expected to be released late‚Ä¶ https://t.co/Y8KpPUJefT,0.0,1.0,0.0,0.0
@CNN,Sun Jul 29 15:01:06 +0000 2018,33,A clinical trial run by UCLA is testing a potentially pioneering form of immunotherapy that could turn a patient's‚Ä¶ https://t.co/ILFbFlqJXL,0.0,1.0,0.0,0.0
@CNN,Sun Jul 29 14:56:11 +0000 2018,34,"2018 is on pace to be the fourth hottest year on record, according to data from the National Oceanic and Atmospheri‚Ä¶ https://t.co/K6FMntJR1t",0.0,1.0,0.0,0.0
@CNN,Sun Jul 29 14:40:06 +0000 2018,35,Recep Tayyip Erdogan denies that Turkey has agreed to free a detained American pastor as part of a possible deal wi‚Ä¶ https://t.co/iiiT1mdcfX,0.201,0.595,0.204,-0.0258
@CNN,Sun Jul 29 14:30:07 +0000 2018,36,A 12-year-old boy who can't speak wrote a book with his eyes https://t.co/GmvT6OSsUY https://t.co/t1w6FJR6iN,0.0,1.0,0.0,0.0
@CNN,Sun Jul 29 14:22:29 +0000 2018,37,President Trump threatens to push the government into shutdown ahead of the coming appropriations deadline if Congr‚Ä¶ https://t.co/F4KsOZEbdv,0.0,0.867,0.133,-0.3818
@CNN,Sun Jul 29 14:16:06 +0000 2018,38,What sparks your curiosity? See how Steve Jobs and other curious entrepreneurs revolutionized our world through tec‚Ä¶ https://t.co/J3649I6KqG,0.119,0.881,0.0,0.3182
@CNN,Sun Jul 29 14:00:13 +0000 2018,39,Palestinian teenage activist Ahed Tamimi has been freed from an Israeli prison after serving an eight-month prison‚Ä¶ https://t.co/KkXsei7Zl0,0.123,0.727,0.15,-0.1531
@CNN,Sun Jul 29 13:46:52 +0000 2018,40,The former mayor of New Orleans Mitch Landrieu says he is a ‚Äúradical centrist‚Äù: ‚ÄúI don‚Äôt think abolishing ICE is a‚Ä¶ https://t.co/t7L2vJiZPw,0.0,1.0,0.0,0.0
@CNN,Sun Jul 29 13:46:05 +0000 2018,41,Three new polls show bad news for Republicans ahead of the midterm elections https://t.co/xbfpqVTIp4 https://t.co/3fCfLLjM2d,0.0,0.8,0.2,-0.5423
@CNN,Sun Jul 29 13:31:00 +0000 2018,42,"The future of Sky Bars, NECCO wafers, and Sweethearts is in limbo after NECCO, the oldest American candy company, s‚Ä¶ https://t.co/fJ7rqeks2V",0.16,0.84,0.0,0.5859
@CNN,Sun Jul 29 13:30:08 +0000 2018,43,"20 times that Trump and his allies denied he knew of the 2016 Trump Tower meeting 
https://t.co/7PuzZxBnBu https://t.co/QCBKHw9FnY",0.0,0.854,0.146,-0.4404
@CNN,Sun Jul 29 13:20:17 +0000 2018,44,Former White House communications director Anthony Scaramucci on the White House barring CNN's Kaitlan Collins from‚Ä¶ https://t.co/MDxTSQ66Fa,0.0,1.0,0.0,0.0
@CNN,Sun Jul 29 13:16:02 +0000 2018,45,A city once known as America's foreclosure capital will become the first in the US to participate in a test of Univ‚Ä¶ https://t.co/AHaazLPWXb,0.0,0.93,0.07,-0.128
@CNN,Sun Jul 29 13:08:58 +0000 2018,46,"‚ÄúThere‚Äôs certainly been a breach in the relationship,‚Äù between President Trump and Michael Cohen says former WH com‚Ä¶ https://t.co/OKqPkm63pA",0.124,0.876,0.0,0.34
@CNN,Sun Jul 29 13:01:06 +0000 2018,47,The Trump administration wants to roll back the Endangered Species Act. These 10 animals might not be here today wi‚Ä¶ https://t.co/goAQn1TxuL,0.0,1.0,0.0,0.0
@CNN,Sun Jul 29 12:31:00 +0000 2018,48,"No, this car wasn't split in half. It's Solo, an electric vehicle with one seat and three wheels.‚Ä¶ https://t.co/gAfqougR2R",0.0,0.891,0.109,-0.296
@CNN,Sun Jul 29 12:30:06 +0000 2018,49,"A police officer in Meridian, Mississippi, has been fired after using his stun gun against a handcuffed suspect dur‚Ä¶ https://t.co/C1aC5wRvqd",0.0,0.647,0.353,-0.802
@CNN,Sun Jul 29 12:16:06 +0000 2018,50,"This concrete (yes, concrete) is going high-tech https://t.co/1eRf2U1jRQ https://t.co/k7YEF0mtZU",0.0,1.0,0.0,0.0
@CNN,Sun Jul 29 12:01:06 +0000 2018,51,"'Recovering addict' secretly treats a table of EMTs to breakfast, bringing them to tears https://t.co/BC0hdJ5UwM https://t.co/gEdL3p6kNV",0.0,0.881,0.119,-0.2263
@CNN,Sun Jul 29 11:31:00 +0000 2018,52,This Florida police officer helped a homeless man shave to help him land a job at a restaurant‚Ä¶ https://t.co/0F0chS7Lkg,0.153,0.847,0.0,0.4019
@CNN,Sun Jul 29 11:30:06 +0000 2018,53,"Pope Francis has accepted the resignation of Cardinal Theodore McCarrick, who led the Archdiocese of Washington, af‚Ä¶ https://t.co/AS3EW5ob7L",0.103,0.788,0.108,-0.0258
@CNN,Sun Jul 29 11:01:06 +0000 2018,54,A zoo is accused of painting a donkey and passing it off as a zebra https://t.co/Zpvlhe1t5U https://t.co/hygAA2yL4u,0.0,0.855,0.145,-0.296
@CNN,Sun Jul 29 10:46:03 +0000 2018,55,Drought woes? This tech can literally make it rain by using planes to target clouds and draw out more rain from them https://t.co/NYncHJh3Lm,0.0,0.884,0.116,-0.4404
@CNN,Sun Jul 29 10:31:00 +0000 2018,56,This new NASA animation shows the dramatic increase of near-Earth objects. See how many asteroids and comets have c‚Ä¶ https://t.co/ppofrOsvA2,0.108,0.892,0.0,0.3182
@CNN,Sun Jul 29 10:30:10 +0000 2018,57,"""She doesn't want to let go."" A mourning orca mom carried her dead baby for days through the ocean‚Ä¶ https://t.co/phYuyIdDUR",0.0,0.655,0.345,-0.8137
@CNN,Sun Jul 29 10:01:00 +0000 2018,58,"After years of research, scientists have confirmed that liquid water exists on Mars. This could allow humans to fur‚Ä¶ https://t.co/wVyKvovsdM",0.091,0.909,0.0,0.2263
@CNN,Sun Jul 29 10:00:08 +0000 2018,59,"2018 is on pace to be the fourth hottest year on record, according to data from the National Oceanic and Atmospheri‚Ä¶ https://t.co/LohV1RgGv1",0.0,1.0,0.0,0.0
@CNN,Sun Jul 29 09:31:02 +0000 2018,60,These are the world's largest planes (and other flying things) https://t.co/LtoidZbkgD https://t.co/bOQTo9aicy,0.0,1.0,0.0,0.0
@CNN,Sun Jul 29 09:30:04 +0000 2018,61,"Women turned out in force in Pakistan's general election this week, shoving aside often decades of patriarchy and t‚Ä¶ https://t.co/ljgLjaFJbC",0.0,1.0,0.0,0.0
@CNN,Sun Jul 29 09:01:00 +0000 2018,62,This man built a floating bicycle so he could clean trash from a river in order to raise awareness about plastic po‚Ä¶ https://t.co/vXuMxRi7zo,0.129,0.871,0.0,0.4522
@CNN,Sun Jul 29 09:00:16 +0000 2018,63,"We haven't seen their faces. We don't know their names. We only know a number: 711.

That's how many immigrant kids‚Ä¶ https://t.co/4SSojsVPJm",0.061,0.939,0.0,0.0772
@CNN,Sun Jul 29 08:31:01 +0000 2018,64,"""A huge statue of Jeff Goldblum is not something you see in London every day."" A 25-foot, 330-pound statue of Goldb‚Ä¶ https://t.co/mnQoDJs0u1",0.103,0.897,0.0,0.3182
@CNN,Sun Jul 29 08:30:07 +0000 2018,65,"The United Nations has verified 7,000 cases of children either killed or maimed in Syria's seven-year war, but says‚Ä¶ https://t.co/OrCG9tPiU5",0.079,0.705,0.216,-0.5106
@CNN,Sun Jul 29 08:01:07 +0000 2018,66,Coke is raising soda prices because of aluminum tariffs https://t.co/y0dPF73sXZ https://t.co/RyRcEwyR2z,0.0,1.0,0.0,0.0
@CNN,Sun Jul 29 07:31:00 +0000 2018,67,"Watch the moment thousands of sardines jumped out of the water in a fishing port in Taipei, Taiwan‚Ä¶ https://t.co/OpD9bbV19r",0.0,1.0,0.0,0.0
@CNN,Sun Jul 29 07:30:12 +0000 2018,68,Police have responded to at least 125 calls in the past five years alleging sex offenses at shelters that house imm‚Ä¶ https://t.co/biWbKrI5Kj,0.0,0.894,0.106,-0.3612
@CNN,Sun Jul 29 07:01:04 +0000 2018,69,Here's how to help the victims of the Greece wildfires https://t.co/9MXfHiMdF5 https://t.co/S7Ung3gltf,0.18,0.667,0.153,0.1027
@CNN,Sun Jul 29 06:31:00 +0000 2018,70,"It‚Äôs like a real-life Iron Man. This flying suit was built using 3D printed parts, specialist electronics and five‚Ä¶ https://t.co/jbrP6eydHC",0.122,0.878,0.0,0.3612
@CNN,Sun Jul 29 06:30:07 +0000 2018,71,"A teen broke into a home in California shortly after midnight and woke a sleeping couple to ask to use their Wi-Fi,‚Ä¶ https://t.co/YIxTY6vcQf",0.0,0.872,0.128,-0.4215
@CNN,Sun Jul 29 06:01:04 +0000 2018,72,"Three former US secretaries of state -- Madeleine Albright, Colin Powell and Hillary Clinton -- will appear togethe‚Ä¶ https://t.co/AdlYPx1TDn",0.0,1.0,0.0,0.0
@CNN,Sun Jul 29 05:31:00 +0000 2018,73,"This is Japan's art island, where the museums were custom-built to exhibit famous works https://t.co/sjvAj0BSK3 https://t.co/OK5wzp8Cp4",0.0,1.0,0.0,0.0
@CNN,Sun Jul 29 05:30:07 +0000 2018,74,A church put Jesus in a cage to protest immigration policies. He was replaced with a mirror. https://t.co/N24WEas0Ii https://t.co/kqxKasstG2,0.0,0.882,0.118,-0.25
@CNN,Sun Jul 29 05:01:06 +0000 2018,75,A new study supports what most dog owners already know: Your pup rushes to your side faster than usual if he or she‚Ä¶ https://t.co/1oDgAQA5D5,0.102,0.898,0.0,0.3612
@CNN,Sun Jul 29 04:31:00 +0000 2018,76,These aerial photos show human impact on Earth https://t.co/QuBdlOCJJ8 https://t.co/wTvn7Twd96,0.0,1.0,0.0,0.0
@CNN,Sun Jul 29 04:30:06 +0000 2018,77,"Pope Francis has accepted the resignation of Cardinal Theodore McCarrick, who led the Archdiocese of Washington, af‚Ä¶ https://t.co/j16qgiK4Sl",0.103,0.788,0.108,-0.0258
@CNN,Sun Jul 29 04:29:00 +0000 2018,78,Civil rights icon and Georgia congressman Rep. John Lewis has been hospitalized but is expected to be released Sund‚Ä¶ https://t.co/fx1hQ5XQei,0.0,1.0,0.0,0.0
@CNN,Sun Jul 29 04:01:05 +0000 2018,79,"Putin gave Trump a soccer ball during a news conference in Helsinki, Finland -- and the ball may have contained a t‚Ä¶ https://t.co/mz66EOE4UI",0.0,1.0,0.0,0.0
@CNN,Sun Jul 29 03:49:26 +0000 2018,80,"At least three people are dead and seven injured after a shooting in New Orleans, city police spokesman says https://t.co/w8yKRL7Ui5",0.0,0.708,0.292,-0.7906
@CNN,Sun Jul 29 03:45:07 +0000 2018,81,"How a small-town French psychic became the face -- and, her family says, a victim -- of a $200 million scam‚Ä¶ https://t.co/B73KZbED0O",0.0,0.896,0.104,-0.2732
@CNN,Sun Jul 29 03:30:03 +0000 2018,82,"""She doesn't want to let go."" A mourning orca mom carried her dead baby for days through the ocean‚Ä¶ https://t.co/M6DrUJMT15",0.0,0.655,0.345,-0.8137
@CNN,Sun Jul 29 03:00:10 +0000 2018,83,"A North Miami Beach police officer arrested after allegedly kicking a pregnant woman in the stomach has been fired,‚Ä¶ https://t.co/p4GTp8N3O4",0.0,0.846,0.154,-0.4767
@CNN,Sun Jul 29 02:40:05 +0000 2018,84,"2018 is on pace to be the fourth hottest year on record, according to data from the National Oceanic and Atmospheri‚Ä¶ https://t.co/L1oeSTpdbf",0.0,1.0,0.0,0.0
@CNN,Sun Jul 29 02:20:10 +0000 2018,85,Did you know The Flintstones was the 1st animated series to air in primetime? +1 if you know the popular sitcom man‚Ä¶ https://t.co/IBeY1uLsKI,0.113,0.887,0.0,0.4215
@CNN,Sun Jul 29 02:00:16 +0000 2018,86,"Women turned out in force in Pakistan's general election this week, shoving aside often decades of patriarchy and t‚Ä¶ https://t.co/ZbhbdD3Cdz",0.0,1.0,0.0,0.0
@CNN,Sun Jul 29 01:40:01 +0000 2018,87,"We haven't seen their faces. We don't know their names. We only know a number: 711.

That's how many immigrant kids‚Ä¶ https://t.co/bxS9VpMgqe",0.061,0.939,0.0,0.0772
@CNN,Sun Jul 29 01:20:04 +0000 2018,88,Eric Holder says he's interested in being president. And he thinks he has what it takes. https://t.co/g40sNBLoot https://t.co/de8cONQfPy,0.137,0.863,0.0,0.4019
@CNN,Sun Jul 29 01:00:15 +0000 2018,89,"Inside Alaska's battles over land, sea and life https://t.co/HhWAA0LcEI https://t.co/v3D18bp3fc",0.0,0.776,0.224,-0.3818
@CNN,Sun Jul 29 00:40:04 +0000 2018,90,"Ximena Barreto, a far-right pundit appointed to a communications post at the Department of Health and Human Service‚Ä¶ https://t.co/H6EG3ArFc3",0.0,1.0,0.0,0.0
@CNN,Sun Jul 29 00:20:07 +0000 2018,91,"Growing homophobia will fuel the HIV epidemic, experts fear https://t.co/5aVw35UywI",0.132,0.62,0.248,-0.3612
@CNN,Sun Jul 29 00:00:01 +0000 2018,92,"Meet the three Democrat women who are all ""elevating one another"" by working together to run for Democratic house s‚Ä¶ https://t.co/kXZDKQKJk3",0.0,1.0,0.0,0.0
@CNN,Sat Jul 28 23:45:00 +0000 2018,93,"""I think a lot of people are tired of hearing ... the adults talk"": On #VanJonesShow, NBA star Carmelo Anthony tell‚Ä¶ https://t.co/iLOAONVNMm",0.0,0.873,0.127,-0.4404
@CNN,Sat Jul 28 23:32:30 +0000 2018,94,"The United States government ""completely turned their back"" on Puerto Rico after Hurricane Maria, NBA star Carmelo‚Ä¶ https://t.co/BHgNQ5w22A",0.141,0.859,0.0,0.4215
@CNN,Sat Jul 28 23:00:08 +0000 2018,95,"20 times that Trump and his allies denied he knew of the 2016 Trump Tower meeting 
https://t.co/oQtMns1opu https://t.co/B9WQrDLTpM",0.0,0.854,0.146,-0.4404
@CNN,Sat Jul 28 22:40:02 +0000 2018,96,"A police officer in Meridian, Mississippi, has been fired after using his stun gun against a handcuffed suspect dur‚Ä¶ https://t.co/bXiUABDFik",0.0,0.647,0.353,-0.802
@CNN,Sat Jul 28 22:20:06 +0000 2018,97,"Citing possible fraud, Michigan State University has stopped making payments from a fund established to financially‚Ä¶ https://t.co/FLD9W9sjYm",0.0,0.711,0.289,-0.6908
@CNN,Sat Jul 28 22:00:13 +0000 2018,98,Gun control groups lost an emergency bid to block a Texas organization from posting instructions to 3-D print a gun‚Ä¶ https://t.co/T9WXZ4sTzh,0.0,0.595,0.405,-0.8481
@CNN,Sat Jul 28 21:50:06 +0000 2018,99,A 12-year-old boy who can't speak wrote a book with his eyes https://t.co/kFJcL2mvBC https://t.co/SJ2nbQI8Wn,0.0,1.0,0.0,0.0
@CNN,Sat Jul 28 21:45:00 +0000 2018,100,This NASA animation shows the dramatic increase of near-Earth objects. See how many asteroids and comets have come‚Ä¶ https://t.co/Glff4osObz,0.113,0.887,0.0,0.3182
@FoxNews,Sun Jul 29 17:24:00 +0000 2018,1,"Deer graze along a road covered in fire retardant as the Carr Fire burns near Redding, Calif., on Saturday, July 28‚Ä¶ https://t.co/31Yc490q3X",0.0,0.798,0.202,-0.5859
@FoxNews,Sun Jul 29 17:19:00 +0000 2018,2,".@VP: ""My dad was in the @USArmy... [He] raised us to understand that he always thought the heroes of the Korean Wa‚Ä¶ https://t.co/UYfEQXg5JE",0.13,0.87,0.0,0.5106
@FoxNews,Sun Jul 29 17:16:03 +0000 2018,3,".@RepRalphNorman: ""Why is it fair for one country to charge us 10% and for us to charge 2.5%?"" https://t.co/fJ02hanTgD",0.113,0.887,0.0,0.3182
@FoxNews,Sun Jul 29 17:07:00 +0000 2018,4,"A sheep jumps over a path at the annual sheep festival near the Gemmipass, between Kandersteg and Leukerbad, Switze‚Ä¶ https://t.co/6LajRsvThu",0.158,0.842,0.0,0.4939
@FoxNews,Sun Jul 29 17:00:01 +0000 2018,5,"TODAY: Don't miss Rudy Giuliani, President @realDonaldTrump's attorney, on @FoxNewsSunday. Tune in to Fox News Chan‚Ä¶ https://t.co/eku28b0oni",0.083,0.917,0.0,0.1139
@FoxNews,Sun Jul 29 16:54:36 +0000 2018,6,.@newtgingrich: @POTUS‚Äôs GDP achieves Mission Impossible (and shocks his critics) https://t.co/R5usUBMigP,0.0,0.794,0.206,-0.3818
@FoxNews,Sun Jul 29 16:45:00 +0000 2018,7,".@PeterLumaj: ""Socialism becomes a big prison system at the end."" https://t.co/p4E08RrKZH",0.0,0.732,0.268,-0.5106
@FoxNews,Sun Jul 29 16:43:53 +0000 2018,8,Turkey resists sanctions threat from U.S. over American pastor. https://t.co/HdRSPFjoJb https://t.co/NRq5R6MXQM,0.0,0.746,0.254,-0.5267
@FoxNews,Sun Jul 29 16:38:21 +0000 2018,9,"NEWS ALERT: 14 killed, over 160 injured in Indonesia's 6.4 magnitude earthquake. https://t.co/lUbQskmfql https://t.co/AeQvfBGPjt",0.139,0.521,0.341,-0.6448
@FoxNews,Sun Jul 29 16:36:00 +0000 2018,10,".@MichelleMalkin: ""The biggest enemies here are not necessarily the open-borders Dems. They're doing what they alwa‚Ä¶ https://t.co/toktnJUaTt",0.0,0.833,0.167,-0.4939
@FoxNews,Sun Jul 29 16:27:30 +0000 2018,11,Five people now reported dead in Northern California wildfire. https://t.co/IpM0zi5wrl https://t.co/O1xD8KcXMS,0.0,0.699,0.301,-0.6486
@FoxNews,Sun Jul 29 16:27:00 +0000 2018,12,".@Kathy4Truth: ""If you don't like the laws that ICE is carrying out, change it."" https://t.co/fXhyruQ2rn",0.0,0.869,0.131,-0.2755
@FoxNews,Sun Jul 29 16:15:00 +0000 2018,13,Report: US Therapists See Increase in Patients With 'Trump Anxiety Disorder' https://t.co/juMOo5pD46 https://t.co/9TA0vXyycH,0.138,0.599,0.263,-0.2732
@FoxNews,Sun Jul 29 16:10:28 +0000 2018,14,"This morning, President @realDonaldTrump celebrated positive economic news. https://t.co/X9K8dyTdNW https://t.co/yCixsRcwGA",0.477,0.523,0.0,0.8074
@FoxNews,Sun Jul 29 16:07:00 +0000 2018,15,TODAY: Treasury Secretary @stevenmnuchin1 sits down with Chris Wallace for an exclusive interview on @FoxNewsSunday‚Ä¶ https://t.co/aZLiHYpvUl,0.191,0.809,0.0,0.3182
@FoxNews,Sun Jul 29 15:54:00 +0000 2018,16,".@LindseyGrahamSC: ""I've never been more pleased with @POTUS than I am right now regarding Iran."" #SundayFutures‚Ä¶ https://t.co/jBaqvVcJto",0.0,0.851,0.149,-0.3865
@FoxNews,Sun Jul 29 15:46:00 +0000 2018,17,".@DevinNunes: ""There's a stall game going on at DOJ and FBI - they're trying to stall as much they can hoping and b‚Ä¶ https://t.co/CsMKD2taFd",0.11,0.748,0.142,0.0516
@FoxNews,Sun Jul 29 15:35:00 +0000 2018,18,".@LindseyGrahamSC: ""When it comes to Michael Cohen, you should be very suspicious of anything he says. He's on the‚Ä¶ https://t.co/6f3eTyqhHC",0.0,0.872,0.128,-0.4201
@FoxNews,Sun Jul 29 15:31:27 +0000 2018,19,Confederate monuments report raises idea of changing Texas capital's name https://t.co/JWB5nbdIIM,0.0,1.0,0.0,0.0
@FoxNews,Sun Jul 29 15:22:01 +0000 2018,20,"TONIGHT: Don't miss ""Life, Liberty, &amp; Levin"" with @marklevinshow with special guest @AllenWest - Tune in at 10p ET‚Ä¶ https://t.co/AGLpdJ7jdm",0.181,0.698,0.121,0.0946
@FoxNews,Sun Jul 29 17:24:00 +0000 2018,21,"Deer graze along a road covered in fire retardant as the Carr Fire burns near Redding, Calif., on Saturday, July 28‚Ä¶ https://t.co/31Yc490q3X",0.0,0.798,0.202,-0.5859
@FoxNews,Sun Jul 29 17:19:00 +0000 2018,22,".@VP: ""My dad was in the @USArmy... [He] raised us to understand that he always thought the heroes of the Korean Wa‚Ä¶ https://t.co/UYfEQXg5JE",0.13,0.87,0.0,0.5106
@FoxNews,Sun Jul 29 17:16:03 +0000 2018,23,".@RepRalphNorman: ""Why is it fair for one country to charge us 10% and for us to charge 2.5%?"" https://t.co/fJ02hanTgD",0.113,0.887,0.0,0.3182
@FoxNews,Sun Jul 29 17:07:00 +0000 2018,24,"A sheep jumps over a path at the annual sheep festival near the Gemmipass, between Kandersteg and Leukerbad, Switze‚Ä¶ https://t.co/6LajRsvThu",0.158,0.842,0.0,0.4939
@FoxNews,Sun Jul 29 17:00:01 +0000 2018,25,"TODAY: Don't miss Rudy Giuliani, President @realDonaldTrump's attorney, on @FoxNewsSunday. Tune in to Fox News Chan‚Ä¶ https://t.co/eku28b0oni",0.083,0.917,0.0,0.1139
@FoxNews,Sun Jul 29 16:54:36 +0000 2018,26,.@newtgingrich: @POTUS‚Äôs GDP achieves Mission Impossible (and shocks his critics) https://t.co/R5usUBMigP,0.0,0.794,0.206,-0.3818
@FoxNews,Sun Jul 29 16:45:00 +0000 2018,27,".@PeterLumaj: ""Socialism becomes a big prison system at the end."" https://t.co/p4E08RrKZH",0.0,0.732,0.268,-0.5106
@FoxNews,Sun Jul 29 16:43:53 +0000 2018,28,Turkey resists sanctions threat from U.S. over American pastor. https://t.co/HdRSPFjoJb https://t.co/NRq5R6MXQM,0.0,0.746,0.254,-0.5267
@FoxNews,Sun Jul 29 16:38:21 +0000 2018,29,"NEWS ALERT: 14 killed, over 160 injured in Indonesia's 6.4 magnitude earthquake. https://t.co/lUbQskmfql https://t.co/AeQvfBGPjt",0.139,0.521,0.341,-0.6448
@FoxNews,Sun Jul 29 16:36:00 +0000 2018,30,".@MichelleMalkin: ""The biggest enemies here are not necessarily the open-borders Dems. They're doing what they alwa‚Ä¶ https://t.co/toktnJUaTt",0.0,0.833,0.167,-0.4939
@FoxNews,Sun Jul 29 16:27:30 +0000 2018,31,Five people now reported dead in Northern California wildfire. https://t.co/IpM0zi5wrl https://t.co/O1xD8KcXMS,0.0,0.699,0.301,-0.6486
@FoxNews,Sun Jul 29 16:27:00 +0000 2018,32,".@Kathy4Truth: ""If you don't like the laws that ICE is carrying out, change it."" https://t.co/fXhyruQ2rn",0.0,0.869,0.131,-0.2755
@FoxNews,Sun Jul 29 16:15:00 +0000 2018,33,Report: US Therapists See Increase in Patients With 'Trump Anxiety Disorder' https://t.co/juMOo5pD46 https://t.co/9TA0vXyycH,0.138,0.599,0.263,-0.2732
@FoxNews,Sun Jul 29 16:10:28 +0000 2018,34,"This morning, President @realDonaldTrump celebrated positive economic news. https://t.co/X9K8dyTdNW https://t.co/yCixsRcwGA",0.477,0.523,0.0,0.8074
@FoxNews,Sun Jul 29 16:07:00 +0000 2018,35,TODAY: Treasury Secretary @stevenmnuchin1 sits down with Chris Wallace for an exclusive interview on @FoxNewsSunday‚Ä¶ https://t.co/aZLiHYpvUl,0.191,0.809,0.0,0.3182
@FoxNews,Sun Jul 29 15:54:00 +0000 2018,36,".@LindseyGrahamSC: ""I've never been more pleased with @POTUS than I am right now regarding Iran."" #SundayFutures‚Ä¶ https://t.co/jBaqvVcJto",0.0,0.851,0.149,-0.3865
@FoxNews,Sun Jul 29 15:46:00 +0000 2018,37,".@DevinNunes: ""There's a stall game going on at DOJ and FBI - they're trying to stall as much they can hoping and b‚Ä¶ https://t.co/CsMKD2taFd",0.11,0.748,0.142,0.0516
@FoxNews,Sun Jul 29 15:35:00 +0000 2018,38,".@LindseyGrahamSC: ""When it comes to Michael Cohen, you should be very suspicious of anything he says. He's on the‚Ä¶ https://t.co/6f3eTyqhHC",0.0,0.872,0.128,-0.4201
@FoxNews,Sun Jul 29 15:31:27 +0000 2018,39,Confederate monuments report raises idea of changing Texas capital's name https://t.co/JWB5nbdIIM,0.0,1.0,0.0,0.0
@FoxNews,Sun Jul 29 15:22:01 +0000 2018,40,"TONIGHT: Don't miss ""Life, Liberty, &amp; Levin"" with @marklevinshow with special guest @AllenWest - Tune in at 10p ET‚Ä¶ https://t.co/AGLpdJ7jdm",0.181,0.698,0.121,0.0946
@FoxNews,Sun Jul 29 15:17:10 +0000 2018,41,RT @EricShawnTV: Was the #MichaelCohen tape really doctored as Rudy Giuliani tells @FoxNews? Do you think Cohen would pull a Rosemary Woods‚Ä¶,0.0,1.0,0.0,0.0
@FoxNews,Sun Jul 29 15:15:00 +0000 2018,42,".@LindseyGrahamSC: ""The only way we've made any progress with North Korea is because Trump has been strong in the e‚Ä¶ https://t.co/rA9DPVK8ss",0.243,0.757,0.0,0.7269
@FoxNews,Sun Jul 29 15:11:00 +0000 2018,43,".@DevinNunes: ""Clinton-paid-for dirt was used to get a warrant to spy on an American citizen using our secret count‚Ä¶ https://t.co/pHuP6oQ6DG",0.0,0.882,0.118,-0.34
@FoxNews,Sun Jul 29 15:05:00 +0000 2018,44,".@VP: ""President Trump has asked me to do many things on his behalf as vice president, but frankly I've never been‚Ä¶ https://t.co/7Lf6hzbCZb",0.0,1.0,0.0,0.0
@FoxNews,Sun Jul 29 14:59:00 +0000 2018,45,".@VP: ""Our priority is to make sure that we not only reelect but we expand Republican majorities on Capitol Hill.""‚Ä¶ https://t.co/bLgXAQbLzX",0.195,0.805,0.0,0.5574
@FoxNews,Sun Jul 29 14:55:31 +0000 2018,46,".@DevinNunes: ""There's a stall game going on at DOJ and FBI - they're trying to stall as much they can hoping and b‚Ä¶ https://t.co/bgM5zK1xtV",0.11,0.748,0.142,0.0516
@FoxNews,Sun Jul 29 14:51:00 +0000 2018,47,".@VP Mike Pence: ""In the last year and a half, our administration has been faced with more filibusters called by‚Ä¶ https://t.co/prpAETR8Hn",0.0,1.0,0.0,0.0
@FoxNews,Sun Jul 29 14:47:52 +0000 2018,48,".@LindseyGrahamSC: ""I have zero doubt he's going to be on the Supreme Court before the end of October... We're goin‚Ä¶ https://t.co/qU7jw8Q0IW",0.143,0.757,0.1,0.2732
@FoxNews,Sun Jul 29 14:46:00 +0000 2018,49,".@VP Mike Pence: ""3.7 million new jobs created since Election Day 2016 - I couldn't be more proud to serve alongsid‚Ä¶ https://t.co/SMZ2Na22Rc",0.088,0.79,0.122,-0.1952
@FoxNews,Sun Jul 29 14:44:42 +0000 2018,50,".@LindseyGrahamSC: ""To every American, if I were you I would be very suspicious of Michael Cohen right now.""‚Ä¶ https://t.co/LNpc8TYqxo",0.0,0.851,0.149,-0.4201
@FoxNews,Sun Jul 29 14:43:22 +0000 2018,51,".@LindseyGrahamSC: ""I am tired of having President Trump tried in the media."" #SundayFutures @MariaBartiromo https://t.co/mVdsDIrO5s",0.0,0.828,0.172,-0.4404
@FoxNews,Sun Jul 29 14:42:42 +0000 2018,52,".@LindseyGrahamSC: ""Mr. Cohen, if you've got something new to say, you need to come to Congress and say it under oa‚Ä¶ https://t.co/vz1agz9DIZ",0.0,1.0,0.0,0.0
@FoxNews,Sun Jul 29 14:41:55 +0000 2018,53,".@LindseyGrahamSC: ""When it comes to Michael Cohen, you should be very suspicious of anything he says. He's on the‚Ä¶ https://t.co/YxrMsNkJxg",0.0,0.872,0.128,-0.4201
@FoxNews,Sun Jul 29 14:40:32 +0000 2018,54,".@LindseyGrahamSC: ""The one thing about Michael Cohen is that I've never seen a lawyer behave this way in my entire‚Ä¶ https://t.co/UzdULncALH",0.0,1.0,0.0,0.0
@FoxNews,Sun Jul 29 14:38:53 +0000 2018,55,".@LindseyGrahamSC: ""The only way we've made any progress with North Korea is because Trump has been strong in the e‚Ä¶ https://t.co/EIdCtrSKeO",0.243,0.757,0.0,0.7269
@FoxNews,Sun Jul 29 14:37:37 +0000 2018,56,".@LindseyGrahamSC: ""I think China's undercutting @POTUS when it comes to North Korea."" #SundayFutures‚Ä¶ https://t.co/XCFJMv4XCZ",0.0,1.0,0.0,0.0
@FoxNews,Sun Jul 29 14:36:44 +0000 2018,57,".@LindseyGrahamSC: ""The only reason that we're moving forward with North Korea is that @POTUS convinced China and N‚Ä¶ https://t.co/JIpQcn4NDV",0.13,0.87,0.0,0.4019
@FoxNews,Sun Jul 29 14:29:05 +0000 2018,58,".@VP: ""Pastor Andrew Brunson is an innocent man. He's a man of profound Christian faith who has ministered in Turke‚Ä¶ https://t.co/npSHiS6k9Y",0.224,0.776,0.0,0.6369
@FoxNews,Sun Jul 29 14:27:26 +0000 2018,59,".@VP: ""President Trump has asked me to do many things on his behalf as vice president, but frankly I've never been‚Ä¶ https://t.co/5mGcjLSY3F",0.0,1.0,0.0,0.0
@FoxNews,Sun Jul 29 14:26:09 +0000 2018,60,".@VP: ""We remain confident that before the fall is out, that Judge Brett Kavanaugh will be Justice Brett Kavanaugh.‚Ä¶ https://t.co/TJVSEJGuIu",0.268,0.732,0.0,0.765
@FoxNews,Sun Jul 29 14:24:48 +0000 2018,61,".@VP: ""Judge Brett Kavanaugh is a man of integrity and he's a judge with an extraordinary record of service.""‚Ä¶ https://t.co/heiKLkKAfN",0.133,0.867,0.0,0.3818
@FoxNews,Sun Jul 29 14:19:38 +0000 2018,62,".@VP: ""Our administration has faced unprecedented obstruction by @TheDemocrats in Washington, D.C."" #SundayFutures‚Ä¶ https://t.co/aasXls6usF",0.0,1.0,0.0,0.0
@FoxNews,Sun Jul 29 14:19:04 +0000 2018,63,".@VP: ""Our priority is to make sure that we not only reelect but we expand Republican majorities on Capitol Hill.""‚Ä¶ https://t.co/472jhOElf6",0.195,0.805,0.0,0.5574
@FoxNews,Sun Jul 29 14:17:03 +0000 2018,64,".@VP: ""It's absolutely essential that we protect intellectual property from being stolen by interests in China.""‚Ä¶ https://t.co/3S3dbrBV9w",0.328,0.539,0.133,0.5719
@FoxNews,Sun Jul 29 14:14:10 +0000 2018,65,".@VP Mike Pence: ""In the last year and a half, our administration has been faced with more filibusters called by‚Ä¶ https://t.co/WjIPXr4NPf",0.0,1.0,0.0,0.0
@FoxNews,Sun Jul 29 14:13:08 +0000 2018,66,".@VP Mike Pence: ""It's remarkable to think all the progress that we've made in the last 18 months has been made in‚Ä¶ https://t.co/IRO6ssUkWO",0.234,0.766,0.0,0.7506
@FoxNews,Sun Jul 29 14:10:34 +0000 2018,67,".@VP Mike Pence: ""We're going to renegotiate NAFTA in a way that's a win for working Americans in the city and on t‚Ä¶ https://t.co/hHy1iVZIhf",0.153,0.847,0.0,0.5859
@FoxNews,Sun Jul 29 14:10:27 +0000 2018,68,.@HuntsmanAbby is live with the ‚ÄòFox News Update‚Äô on Facebook Watch: https://t.co/hNrB8xzepH https://t.co/6G7yH9N9Mr,0.0,1.0,0.0,0.0
@FoxNews,Sun Jul 29 14:09:25 +0000 2018,69,".@VP Mike Pence: ""@POTUS came into this administration with the belief that for too long Americans, our economy, ou‚Ä¶ https://t.co/eFwXInCJ08",0.0,1.0,0.0,0.0
@FoxNews,Sun Jul 29 14:07:59 +0000 2018,70,".@VP Mike Pence: ""Now the United States and the EU are going to begin working toward a trade arrangement that has z‚Ä¶ https://t.co/lDrimxhwZ8",0.118,0.882,0.0,0.4215
@FoxNews,Sun Jul 29 14:07:01 +0000 2018,71,".@VP Mike Pence: ""American exports were up by more than 9%, and our trade deficit was down by $50 billion.""‚Ä¶ https://t.co/yvaifhCKRI",0.0,0.881,0.119,-0.4019
@FoxNews,Sun Jul 29 14:06:15 +0000 2018,72,".@VP Mike Pence: ""The best is yet to come."" #SundayFutures @MariaBartiromo https://t.co/tWzWabRfOJ",0.276,0.724,0.0,0.6369
@FoxNews,Sun Jul 29 14:05:30 +0000 2018,73,".@VP Mike Pence: ""In the last 2 administrations the economy grew by less than 2%. In the first 18 months of this ad‚Ä¶ https://t.co/lZI6D1l3O7",0.0,1.0,0.0,0.0
@FoxNews,Sun Jul 29 14:03:53 +0000 2018,74,".@VP Mike Pence: ""3.7 million new jobs created since Election Day 2016 - I couldn't be more proud to serve alongsid‚Ä¶ https://t.co/hgtwUEcJSU",0.088,0.79,0.122,-0.1952
@FoxNews,Sun Jul 29 14:02:34 +0000 2018,75,".@VP: ""It's a great day for America seeing the Second Quarter 4.1% growth."" #SundayFutures @MariaBartiromo https://t.co/oL3EiHNm7M",0.227,0.773,0.0,0.6249
@FoxNews,Sun Jul 29 14:01:11 +0000 2018,76,"RIGHT NOW on #SundayFutures, @MariaBartiromo's exclusive interview with @VP Mike Pence - Tune in to Fox News Channe‚Ä¶ https://t.co/NY2UxsRaGW",0.081,0.919,0.0,0.128
@FoxNews,Sun Jul 29 13:53:51 +0000 2018,77,Confederate monuments report raises idea of changing Texas capital's name https://t.co/JWB5nbdIIM,0.0,1.0,0.0,0.0
@FoxNews,Sun Jul 29 13:51:33 +0000 2018,78,"RT @FoxNewsSunday: .@RudyGiuliani on Michael Cohen: ""The man is a pathological manipulator, liar.""",0.0,1.0,0.0,0.0
@FoxNews,Sun Jul 29 13:49:45 +0000 2018,79,Trump tweets he'd 'shut down' government if Democrats don't fund US-Mexico wall https://t.co/BZWBmREqAY,0.0,1.0,0.0,0.0
@FoxNews,Sun Jul 29 13:35:25 +0000 2018,80,".@ChrisStirewalt: ‚ÄúIf you shut down the government when you control both houses of Congress and the White House, yo‚Ä¶ https://t.co/jelFa5K5j4",0.0,1.0,0.0,0.0
@FoxNews,Sun Jul 29 13:35:00 +0000 2018,81,"‚ÄúMy wife and I are deeply moved and deeply honored to be able to be there when we bring our boys home.‚Äù

TODAY: @VP‚Ä¶ https://t.co/IJtg6L3gkD",0.151,0.849,0.0,0.624
@FoxNews,Sun Jul 29 13:16:09 +0000 2018,82,RT @FoxNewsSunday: .@stevenmnuchin1 on Farm Aid: The focus is trade not aid...the President is not willing to live with the status quo wher‚Ä¶,0.0,1.0,0.0,0.0
@FoxNews,Sun Jul 29 13:15:53 +0000 2018,83,RT @FoxNewsSunday: .@stevenmnuchin1: We specifically talked about Soy Beans but we specifically agreed we'd look at these other markets and‚Ä¶,0.122,0.878,0.0,0.3919
@FoxNews,Sun Jul 29 13:15:40 +0000 2018,84,RT @FoxNewsSunday: .@stevenmnuchin1 on Agriculture in discussions with EU: I was in the room and we had specific conversations about agricu‚Ä¶,0.0,1.0,0.0,0.0
@FoxNews,Sun Jul 29 13:08:09 +0000 2018,85,"RT @FoxNewsSunday: .@stevenmnuchin1 on Fed increasing interest rates: I think it is and the market expects it, the Fed has been targeting 2‚Ä¶",0.125,0.875,0.0,0.4588
@FoxNews,Sun Jul 29 13:02:04 +0000 2018,86,Carol Swain: ‚ÄúI believe that the university is supposed to be a marketplace for ideas and that students cannot be e‚Ä¶ https://t.co/PV7yYRtKJ8,0.0,1.0,0.0,0.0
@FoxNews,Sun Jul 29 12:56:14 +0000 2018,87,"Indonesia earthquake in popular tourist area results in multiple deaths, over 160 people injured https://t.co/zyHpTpWZ8d",0.151,0.703,0.146,0.0258
@FoxNews,Sun Jul 29 12:40:00 +0000 2018,88,TONIGHT: Go inside the home of @Jeopardy TV Legend Alex Trebek with @HarveyLevinTMZ - 8p ET on Fox News Channel! https://t.co/niJDxoPlt6,0.0,1.0,0.0,0.0
@FoxNews,Sun Jul 29 12:25:40 +0000 2018,89,.@RLHeinrichs: ‚ÄúWe need to have North Korea make the strategic decision to move away from its nuclear program.‚Äù https://t.co/V3UrC2Wacq,0.0,1.0,0.0,0.0
@FoxNews,Sun Jul 29 12:09:54 +0000 2018,90,"5 members of same family dead in Texas shootings at home, nursing home in murder-suicide, police say https://t.co/pH2FBw3LC1",0.0,0.788,0.212,-0.6486
@FoxNews,Sun Jul 29 12:00:01 +0000 2018,91,"TODAY: Don't miss Rudy Giuliani, President @realDonaldTrump's attorney, on @FoxNewsSunday. Check your local listing‚Ä¶ https://t.co/qJYTNQxUZl",0.093,0.907,0.0,0.1139
@FoxNews,Sun Jul 29 11:55:34 +0000 2018,92,Erdogan: Turkey will not back down due to US sanctions https://t.co/1nBgAA1Sgk,0.0,1.0,0.0,0.0
@FoxNews,Sun Jul 29 11:41:53 +0000 2018,93,.@taylorswift13 donates concert tickets to mourning Massachusetts police department https://t.co/Vf5WXUfE4F,0.0,0.756,0.244,-0.4404
@FoxNews,Sun Jul 29 11:34:26 +0000 2018,94,"John Zimmerlee: ‚ÄúPresident Trump, we can‚Äôt thank you enough for bringing attention to the Korean War.‚Äù https://t.co/91NRkM3xzC",0.135,0.865,0.0,0.3612
@FoxNews,Sun Jul 29 11:31:05 +0000 2018,95,"John Zimmerlee: ‚ÄúAnything that we get out of these remains, I think will either help either my family or someone el‚Ä¶ https://t.co/pHMb3DeAnf",0.119,0.881,0.0,0.4019
@FoxNews,Sun Jul 29 11:16:42 +0000 2018,96,.@AlanDersh: ‚ÄúI think there are problems with the Cohen testimony.‚Äù https://t.co/m9tGwLOw8y,0.0,0.787,0.213,-0.4019
@FoxNews,Sun Jul 29 11:07:51 +0000 2018,97,"'My babies are dead': Mom, family mourn for 2 kids, great-grandmother killed by Carr Fire in Northern California https://t.co/BCQRVdbfWg",0.0,0.607,0.393,-0.8658
@FoxNews,Sun Jul 29 11:06:00 +0000 2018,98,TODAY: Treasury Secretary @stevenmnuchin1 sits down with Chris Wallace for an exclusive interview on @FoxNewsSunday‚Ä¶ https://t.co/IXmh42hDCt,0.191,0.809,0.0,0.3182
@FoxNews,Sun Jul 29 10:45:00 +0000 2018,99,"‚ÄúWe remain confident that before the fall is out that Judge Brett Kavanaugh will be Justice Brett Kavanaugh.‚Äù

TODA‚Ä¶ https://t.co/FM20cTAM1f",0.268,0.732,0.0,0.765
@FoxNews,Sun Jul 29 10:44:23 +0000 2018,100,Veterans Advocate on Return of Korean War Remains: 'I Couldn't Be More Proud' https://t.co/3mPxwhB9MC,0.0,0.643,0.357,-0.7698
@nytimes,Sun Jul 29 17:15:06 +0000 2018,1,"Paul Manafort, the lobbyist who helped run President Trump‚Äôs 2016 campaign, is scheduled to go to trial on financia‚Ä¶ https://t.co/DFZgJ4J0Ev",0.0,1.0,0.0,0.0
@nytimes,Sun Jul 29 17:00:11 +0000 2018,2,A Palestinian teenager jailed in Israel for kicking and slapping an Israeli soldier was released to a hero‚Äôs welcom‚Ä¶ https://t.co/xPygRilTaF,0.0,0.842,0.158,-0.4939
@nytimes,Sun Jul 29 16:57:29 +0000 2018,3,"Muslim children were repeatedly warned about their clothing at a Delaware pool, leading to a mayoral apology and a‚Ä¶ https://t.co/Tiv8eKlsGu",0.062,0.829,0.109,-0.2263
@nytimes,Sun Jul 29 16:30:14 +0000 2018,4,"‚ÄúSeventeen years after 9/11, we still haven‚Äôt figured this out.‚Äù https://t.co/HImjaWhMHv",0.0,1.0,0.0,0.0
@nytimes,Sun Jul 29 16:15:07 +0000 2018,5,"For some, a proposed cap on services like Uber is a civil rights issue. ‚ÄúRace-based refusal is a serious issue amon‚Ä¶ https://t.co/S6kLiZjIFY",0.12,0.817,0.062,0.296
@nytimes,Sun Jul 29 16:00:10 +0000 2018,6,Pressed at his 2006 hearing to express an opinion about whether the president could legally override the torture ba‚Ä¶ https://t.co/7satPHbAvW,0.06,0.773,0.167,-0.5423
@nytimes,Sun Jul 29 15:45:08 +0000 2018,7,The Trump pick to lead the EPA's Superfund toxic waste program was Dow Chemical's lawyer during its own disputed di‚Ä¶ https://t.co/xjIS08Okg1,0.0,0.785,0.215,-0.6369
@nytimes,Sun Jul 29 15:30:11 +0000 2018,8,"‚ÄúSo many people think they know me,‚Äù says Cynthia Nixon, the actress-turned-candidate for governor of New York, in‚Ä¶ https://t.co/RUoaVUpx58",0.0,1.0,0.0,0.0
@nytimes,Sun Jul 29 15:15:03 +0000 2018,9,"For more than 2 decades, Jeff Loeffelholz was an understudy in ""Chicago."" Then he killed himself. Now the productio‚Ä¶ https://t.co/eC3e2WKliD",0.0,0.8,0.2,-0.6705
@nytimes,Sun Jul 29 15:13:32 +0000 2018,10,"RT @NYTimesPR: Statement of A.G. Sulzberger, Publisher, The New York Times, in response to President Trump‚Äôs tweet about their meeting http‚Ä¶",0.0,1.0,0.0,0.0
@nytimes,Sun Jul 29 15:00:10 +0000 2018,11,"When it gets cold in Bangkok, pet owners dress their dogs in sweatshirts or, if they have the money, Burberry rainc‚Ä¶ https://t.co/hybxIR6iej",0.0,1.0,0.0,0.0
@nytimes,Sun Jul 29 14:50:06 +0000 2018,12,"As millions of Venezuelans wage a daily fight for survival at home, others have found a safe haven for their money‚Ä¶ https://t.co/dlKgR40AQQ",0.123,0.766,0.111,0.0772
@nytimes,Sun Jul 29 14:40:05 +0000 2018,13,"The comedy-destroying, soul-affirming art of Hannah Gadsby https://t.co/YIc9W6GXex https://t.co/T2fOvaHR5J",0.0,1.0,0.0,0.0
@nytimes,Sun Jul 29 14:30:09 +0000 2018,14,"These islands in the South Pacific are disappearing, but their inhabitants are doing everything they can to stay https://t.co/DAPrXjDrOt",0.0,1.0,0.0,0.0
@nytimes,Sun Jul 29 14:20:06 +0000 2018,15,A 60-year-old man fatally shot his father and stepmother in a nursing home in Texas https://t.co/8r0CatQ3E1,0.0,0.756,0.244,-0.6369
@nytimes,Sun Jul 29 14:10:03 +0000 2018,16,"Summer thrillers, a parody of smutty novels, a dark family memoir: Here are 10 new books we recommend this week https://t.co/BBboCB4D3F",0.175,0.825,0.0,0.3818
@nytimes,Sun Jul 29 13:55:06 +0000 2018,17,"RT @nytimesbusiness: An undeveloped, 157-acre hilltop plot of land is about to go on sale in Los Angeles. The asking price: $1 billion. htt‚Ä¶",0.0,1.0,0.0,0.0
@nytimes,Sun Jul 29 13:29:57 +0000 2018,18,"Some argue that comedy is broken. But Mike Birbiglia, Kate Berlant, Maria Bamford, Sacha Baron Cohen and Hannah Gad‚Ä¶ https://t.co/4qufrZcz7H",0.078,0.756,0.167,-0.25
@nytimes,Sun Jul 29 13:12:06 +0000 2018,19,How to rekindle a friendship that has faded ‚Äî and what to do if things don't go as you hoped https://t.co/IgsEpGPmYL,0.244,0.756,0.0,0.6705
@nytimes,Sun Jul 29 12:55:01 +0000 2018,20,"After 18 months of bruising White House conflicts and bitter criticism, Jared Kushner and Ivanka Trump as comfortab‚Ä¶ https://t.co/iWw0brStrR",0.0,0.658,0.342,-0.8074
@nytimes,Sun Jul 29 17:15:06 +0000 2018,21,"Paul Manafort, the lobbyist who helped run President Trump‚Äôs 2016 campaign, is scheduled to go to trial on financia‚Ä¶ https://t.co/DFZgJ4J0Ev",0.0,1.0,0.0,0.0
@nytimes,Sun Jul 29 17:00:11 +0000 2018,22,A Palestinian teenager jailed in Israel for kicking and slapping an Israeli soldier was released to a hero‚Äôs welcom‚Ä¶ https://t.co/xPygRilTaF,0.0,0.842,0.158,-0.4939
@nytimes,Sun Jul 29 16:57:29 +0000 2018,23,"Muslim children were repeatedly warned about their clothing at a Delaware pool, leading to a mayoral apology and a‚Ä¶ https://t.co/Tiv8eKlsGu",0.062,0.829,0.109,-0.2263
@nytimes,Sun Jul 29 16:30:14 +0000 2018,24,"‚ÄúSeventeen years after 9/11, we still haven‚Äôt figured this out.‚Äù https://t.co/HImjaWhMHv",0.0,1.0,0.0,0.0
@nytimes,Sun Jul 29 16:15:07 +0000 2018,25,"For some, a proposed cap on services like Uber is a civil rights issue. ‚ÄúRace-based refusal is a serious issue amon‚Ä¶ https://t.co/S6kLiZjIFY",0.12,0.817,0.062,0.296
@nytimes,Sun Jul 29 16:00:10 +0000 2018,26,Pressed at his 2006 hearing to express an opinion about whether the president could legally override the torture ba‚Ä¶ https://t.co/7satPHbAvW,0.06,0.773,0.167,-0.5423
@nytimes,Sun Jul 29 15:45:08 +0000 2018,27,The Trump pick to lead the EPA's Superfund toxic waste program was Dow Chemical's lawyer during its own disputed di‚Ä¶ https://t.co/xjIS08Okg1,0.0,0.785,0.215,-0.6369
@nytimes,Sun Jul 29 15:30:11 +0000 2018,28,"‚ÄúSo many people think they know me,‚Äù says Cynthia Nixon, the actress-turned-candidate for governor of New York, in‚Ä¶ https://t.co/RUoaVUpx58",0.0,1.0,0.0,0.0
@nytimes,Sun Jul 29 15:15:03 +0000 2018,29,"For more than 2 decades, Jeff Loeffelholz was an understudy in ""Chicago."" Then he killed himself. Now the productio‚Ä¶ https://t.co/eC3e2WKliD",0.0,0.8,0.2,-0.6705
@nytimes,Sun Jul 29 15:13:32 +0000 2018,30,"RT @NYTimesPR: Statement of A.G. Sulzberger, Publisher, The New York Times, in response to President Trump‚Äôs tweet about their meeting http‚Ä¶",0.0,1.0,0.0,0.0
@nytimes,Sun Jul 29 15:00:10 +0000 2018,31,"When it gets cold in Bangkok, pet owners dress their dogs in sweatshirts or, if they have the money, Burberry rainc‚Ä¶ https://t.co/hybxIR6iej",0.0,1.0,0.0,0.0
@nytimes,Sun Jul 29 14:50:06 +0000 2018,32,"As millions of Venezuelans wage a daily fight for survival at home, others have found a safe haven for their money‚Ä¶ https://t.co/dlKgR40AQQ",0.123,0.766,0.111,0.0772
@nytimes,Sun Jul 29 14:40:05 +0000 2018,33,"The comedy-destroying, soul-affirming art of Hannah Gadsby https://t.co/YIc9W6GXex https://t.co/T2fOvaHR5J",0.0,1.0,0.0,0.0
@nytimes,Sun Jul 29 14:30:09 +0000 2018,34,"These islands in the South Pacific are disappearing, but their inhabitants are doing everything they can to stay https://t.co/DAPrXjDrOt",0.0,1.0,0.0,0.0
@nytimes,Sun Jul 29 14:20:06 +0000 2018,35,A 60-year-old man fatally shot his father and stepmother in a nursing home in Texas https://t.co/8r0CatQ3E1,0.0,0.756,0.244,-0.6369
@nytimes,Sun Jul 29 14:10:03 +0000 2018,36,"Summer thrillers, a parody of smutty novels, a dark family memoir: Here are 10 new books we recommend this week https://t.co/BBboCB4D3F",0.175,0.825,0.0,0.3818
@nytimes,Sun Jul 29 13:55:06 +0000 2018,37,"RT @nytimesbusiness: An undeveloped, 157-acre hilltop plot of land is about to go on sale in Los Angeles. The asking price: $1 billion. htt‚Ä¶",0.0,1.0,0.0,0.0
@nytimes,Sun Jul 29 13:29:57 +0000 2018,38,"Some argue that comedy is broken. But Mike Birbiglia, Kate Berlant, Maria Bamford, Sacha Baron Cohen and Hannah Gad‚Ä¶ https://t.co/4qufrZcz7H",0.078,0.756,0.167,-0.25
@nytimes,Sun Jul 29 13:12:06 +0000 2018,39,How to rekindle a friendship that has faded ‚Äî and what to do if things don't go as you hoped https://t.co/IgsEpGPmYL,0.244,0.756,0.0,0.6705
@nytimes,Sun Jul 29 12:55:01 +0000 2018,40,"After 18 months of bruising White House conflicts and bitter criticism, Jared Kushner and Ivanka Trump as comfortab‚Ä¶ https://t.co/iWw0brStrR",0.0,0.658,0.342,-0.8074
@nytimes,Sun Jul 29 12:54:16 +0000 2018,41,Bush Claimed Power to Override a Torture Ban. What Did Brett Kavanaugh Think About That? https://t.co/DRxTbZslMb,0.0,0.634,0.366,-0.8176
@nytimes,Sun Jul 29 12:51:51 +0000 2018,42,"Playlist: The Playlist: Blood Orange‚Äôs Fragile Pop, and 11 More New Songs https://t.co/lRctJ69SZk",0.0,1.0,0.0,0.0
@nytimes,Sun Jul 29 12:25:05 +0000 2018,43,The Trump tax cuts were supposed to mobilize Republican voters and help the party keep the House. But that's not ho‚Ä¶ https://t.co/orKrgFDFyw,0.152,0.782,0.066,0.2732
@nytimes,Sun Jul 29 12:09:53 +0000 2018,44,"Ahed Tamimi, Palestinian Teenager Who Slapped Israeli Soldier, Is Released From Jail https://t.co/o7dbNqSpRh",0.0,1.0,0.0,0.0
@nytimes,Sun Jul 29 11:56:06 +0000 2018,45,A Turkish educator in Mongolia was briefly abducted in part of an apparent campaign against allies of an exiled cle‚Ä¶ https://t.co/hAIW2PjrBU,0.0,0.852,0.148,-0.5106
@nytimes,Sun Jul 29 11:41:49 +0000 2018,46,How do you take your phone on vacation without it ruining your trip? https://t.co/OKwpeQeV3q,0.118,0.882,0.0,0.1877
@nytimes,Sun Jul 29 11:25:02 +0000 2018,47,"‚ÄúIt wasn‚Äôt ‚ÄòI‚Äôm racist and I want to glorify slavery,‚Äô‚Äù one Civil War re-enactor said. ‚ÄúNobody really thought a lot‚Ä¶ https://t.co/cb5sGI9I69",0.179,0.538,0.283,-0.5994
@nytimes,Sun Jul 29 11:08:59 +0000 2018,48,Twitter Made Everything a Joke https://t.co/RzPj5Ot54k,0.355,0.645,0.0,0.296
@nytimes,Sun Jul 29 10:57:10 +0000 2018,49,"RT @NYTStyles: Horse girls may be perceived as privileged, prissy or weird, all for their pursuit of a wholesome hobby. At Breyerfest, they‚Ä¶",0.118,0.813,0.069,0.296
@nytimes,Sun Jul 29 10:40:03 +0000 2018,50,"When police in India arrested 17 men accused of assaulting an 11-year-old girl, there was a wave of public fury. Th‚Ä¶ https://t.co/csbutgP2AG",0.0,0.58,0.42,-0.9062
@nytimes,Sun Jul 29 10:23:42 +0000 2018,51,Field Notes: And Nobody Noticed It Was a Fake Cake https://t.co/ksGwVaEXT4,0.0,0.744,0.256,-0.4767
@nytimes,Sun Jul 29 10:10:03 +0000 2018,52,China built a $50 million space mission control station in Argentina. It's a striking symbol of its  push to transf‚Ä¶ https://t.co/IAtblI36as,0.0,1.0,0.0,0.0
@nytimes,Sun Jul 29 09:50:58 +0000 2018,53,Michael Rapaport has long been known for speaking his mind ... and stirring controversy along the way. But now he‚Äôs‚Ä¶ https://t.co/ngy8RNpkab,0.0,1.0,0.0,0.0
@nytimes,Sun Jul 29 09:34:22 +0000 2018,54,"""Pixar and a lot of other studios are finally seeing that you can‚Äôt keep drawing creativity from the same well over‚Ä¶ https://t.co/XD1ctN99nJ",0.198,0.802,0.0,0.5719
@nytimes,Sun Jul 29 09:15:41 +0000 2018,55,Personal Health: How to Minimize Pancreatic Cancer Risk https://t.co/iwQOdtD7nL,0.0,0.519,0.481,-0.7579
@nytimes,Sun Jul 29 09:04:25 +0000 2018,56,"""We exist."" In 2016, Ibtihaj Muhammad became the first Muslim woman to represent the U.S. at the Olympics wearing a‚Ä¶ https://t.co/h2L0HT5J0i",0.0,1.0,0.0,0.0
@nytimes,Sun Jul 29 08:45:27 +0000 2018,57,"If we understand why tick bites cause a sudden, strange meat allergy, we could better understand how all allergies‚Ä¶ https://t.co/lBOpQlA3go",0.134,0.783,0.083,0.2732
@nytimes,Sun Jul 29 08:26:53 +0000 2018,58,"RT @nytimesvows: If the wedding cake tastes like Styrofoam, you might be eating the wrong one. Because, to save some money, it might actual‚Ä¶",0.191,0.705,0.104,0.3818
@nytimes,Sun Jul 29 08:10:38 +0000 2018,59,"""When I get on my bike, that‚Äôs my art."" To police officers, dirt bike riding is a nuisance. But for riders, the spo‚Ä¶ https://t.co/L8Qq8HfbjP",0.0,0.925,0.075,-0.1779
@nytimes,Sun Jul 29 07:54:29 +0000 2018,60,"To the casual observer, it may appear that Britain is completely unprepared to deal with longs spells of scorching-‚Ä¶ https://t.co/v1blGi0NvV",0.087,0.913,0.0,0.2023
@nytimes,Sun Jul 29 07:38:24 +0000 2018,61,"A new phishing scam has been landing in users‚Äô inboxes, showing old passwords as proof of a hack. Here‚Äôs what's goi‚Ä¶ https://t.co/VM5fWqBQEj",0.0,0.837,0.163,-0.5719
@nytimes,Sun Jul 29 07:21:07 +0000 2018,62,"Bangkok Dispatch: Seeking ‚Äòa Good Afterlife,‚Äô and Not Just for Humans https://t.co/9pC6ggd2K6",0.209,0.791,0.0,0.4404
@nytimes,Sun Jul 29 07:20:04 +0000 2018,63,Many gravely ill people often perk up right before dying. Nobody knows why. https://t.co/ieQVY9xqmi,0.0,0.694,0.306,-0.6486
@nytimes,Sun Jul 29 07:01:42 +0000 2018,64,RT @NYTScience: Scott Pruitt's former deputy is now in charge at the EPA. He's taking a more disciplined approach to dismantling environmen‚Ä¶,0.0,1.0,0.0,0.0
@nytimes,Sun Jul 29 06:43:09 +0000 2018,65,"RT @NYTSports: Missy Franklin, once the seemingly always exuberant girl so many predicted would be the next Michael Phelps, now finds herse‚Ä¶",0.153,0.847,0.0,0.5859
@nytimes,Sun Jul 29 06:26:59 +0000 2018,66,"RT @matthew_ruby: ""It‚Äôs kind of like how snowboarding they coined the term frontside indy, which doesn‚Äôt exist in skateboarding, and it‚Äôs s‚Ä¶",0.095,0.905,0.0,0.2975
@nytimes,Sun Jul 29 06:09:04 +0000 2018,67,Several key political parties in Pakistan are paving the way for Imran Khan to form a majority in the country's par‚Ä¶ https://t.co/zLNJ7JbMMr,0.119,0.881,0.0,0.4019
@nytimes,Sun Jul 29 05:49:17 +0000 2018,68,"RT @nytimesbooks: ""This month I‚Äôve committed to only reading books about shipwrecks where people had to eat somebody."" https://t.co/QsCO4zW‚Ä¶",0.104,0.896,0.0,0.2732
@nytimes,Sun Jul 29 05:32:41 +0000 2018,69,"Is it possible to be sexual, but to not be seen as an object? In her video ‚ÄúGirlfriend,‚Äù H√©lo√Øse Letissier ‚Äî her bo‚Ä¶ https://t.co/dJqG53Md4N",0.0,1.0,0.0,0.0
@nytimes,Sun Jul 29 05:15:49 +0000 2018,70,"""For an hour on a weekend afternoon, I didn‚Äôt think of anything except the microcosmic forest in front of me"": Insi‚Ä¶ https://t.co/vhKQZfjLuW",0.0,1.0,0.0,0.0
@nytimes,Sun Jul 29 04:58:40 +0000 2018,71,RT @nytimesbusiness: It's called dark money for a reason: It's hard to trace. But millions of it were spent to kill the Affordable Care Act‚Ä¶,0.13,0.635,0.234,-0.5346
@nytimes,Sun Jul 29 04:41:35 +0000 2018,72,"RT @nytopinion: ""The effect of Agent Orange on my children has broken my heart. One was born with a cleft palate and her jaw doesn‚Äôt line u‚Ä¶",0.0,0.89,0.11,-0.4767
@nytimes,Sun Jul 29 04:25:05 +0000 2018,73,"For almost 20 years, a pedestrian zone in Hong Kong has been a hub for street performers. Now the government will c‚Ä¶ https://t.co/fCXKT4tGZG",0.0,1.0,0.0,0.0
@nytimes,Sun Jul 29 04:24:00 +0000 2018,74,"Cambodia Votes for a Leader, With the Result Predetermined by One https://t.co/fRoPxK1cpn",0.0,1.0,0.0,0.0
@nytimes,Sun Jul 29 04:02:37 +0000 2018,75,"For a delicious way to eat summer tomatoes, try this garlicky tomato toast recipe https://t.co/GJpYDMEhcf https://t.co/Jf88OOH7ZU",0.209,0.791,0.0,0.5719
@nytimes,Sun Jul 29 03:45:29 +0000 2018,76,Millions of smart TVs are tracking everything you watch for the sake of advertisers. If that doesn‚Äôt sit right with‚Ä¶ https://t.co/sRIEw3AohN,0.119,0.881,0.0,0.4019
@nytimes,Sun Jul 29 03:26:49 +0000 2018,77,You should never skip the opening credits. @poniewozik explains why.  https://t.co/1xUQE8QfV0,0.2,0.8,0.0,0.3612
@nytimes,Sun Jul 29 03:08:11 +0000 2018,78,It's not your just imagination: Netflix is stockpiling original programming. Here are 9 things worth checking out. https://t.co/7UVjHkX3vV,0.219,0.781,0.0,0.4939
@nytimes,Sun Jul 29 02:49:04 +0000 2018,79,"A $50 million space station in Argentina is a symbol of China‚Äôs push to mold Latin America, often in ways that unde‚Ä¶ https://t.co/MLNyquNNzn",0.0,1.0,0.0,0.0
@nytimes,Sun Jul 29 02:40:02 +0000 2018,80,"RT @maggieNYT: For months, Trump's relationship to Kushner seemed tense. Trump ""could've had Tom Brady"" as a son-in-law, he told several pe‚Ä¶",0.0,0.893,0.107,-0.34
@nytimes,Sun Jul 29 02:12:03 +0000 2018,81,"RT @nytimesarts: For more than two decades, Jeff Loeffelholz was an understudy at ""Chicago."" Then he killed himself. Now the production and‚Ä¶",0.0,0.824,0.176,-0.6705
@nytimes,Sun Jul 29 01:56:42 +0000 2018,82,Uzo Aduba on her character in ‚ÄúOrange Is the New Black‚Äù: ‚ÄúWhat I learned very early is that Suzanne is truth starin‚Ä¶ https://t.co/Xv08iF5KJM,0.099,0.901,0.0,0.3182
@nytimes,Sun Jul 29 01:41:56 +0000 2018,83,"Her dead calf resting on her nose, an orca whale has swum in mourning for more than 3 days in the Pacific Northwest‚Ä¶ https://t.co/HG6eDDUIRz",0.0,0.745,0.255,-0.802
@nytimes,Sun Jul 29 01:24:08 +0000 2018,84,"Some of them met on Instagram and most of them haven‚Äôt graduated from high school, but together, these teens are bu‚Ä¶ https://t.co/XBGQ7MUdBT",0.0,1.0,0.0,0.0
@nytimes,Sun Jul 29 01:06:48 +0000 2018,85,This summery bundt packs a double dose of strawberry flavor https://t.co/LIGZWQVV2W https://t.co/YJVMTRwkqy,0.0,1.0,0.0,0.0
@nytimes,Sun Jul 29 00:47:37 +0000 2018,86,"RT @UpshotNYT: The 2016 election may be in the past, but this map remains a reliable indication of how people feel about President Trump to‚Ä¶",0.0,1.0,0.0,0.0
@nytimes,Sun Jul 29 00:32:05 +0000 2018,87,New Hampshire is 94% white. Business leaders and government officials want to make the state more diverse. https://t.co/eGSQbDTuPL,0.071,0.929,0.0,0.0772
@nytimes,Sun Jul 29 00:18:07 +0000 2018,88,"Texas Nursing Home Shooting That Left 5 Dead Was Likely Murder-Suicide, Police Say https://t.co/sfYOGHoH0p",0.0,0.736,0.264,-0.6486
@nytimes,Sun Jul 29 00:10:37 +0000 2018,89,Muslims Describe Being Confronted at Pool: ‚ÄòWe‚Äôre Portrayed as Troublemakers‚Äô https://t.co/OeROnkByai,0.0,0.847,0.153,-0.2023
@nytimes,Sat Jul 28 23:57:45 +0000 2018,90,"In House Race, 2 Female Candidates Clash on Economy and Guns https://t.co/s4SflwRV4p",0.0,1.0,0.0,0.0
@nytimes,Sat Jul 28 23:55:04 +0000 2018,91,"The penthouse was often reserved for the largest, most expensive apartments. But as real estate prices fall, lounge‚Ä¶ https://t.co/sZX5JzjtBG",0.0,1.0,0.0,0.0
@nytimes,Sat Jul 28 23:42:04 +0000 2018,92,"RT @nytimesmusic: Blood Orange‚Äôs fragile pop, and 11 more new songs. Hear the Playlist. https://t.co/OLpl5kJQOM https://t.co/UJEOeMYorf",0.0,1.0,0.0,0.0
@nytimes,Sat Jul 28 23:17:07 +0000 2018,93,"Mike Pence, Holy Terror https://t.co/CaruMXVqHd",0.0,0.541,0.459,-0.5267
@nytimes,Sat Jul 28 23:08:49 +0000 2018,94,The Ethicist: Should I Forgo Gay Sex to Donate Blood? https://t.co/iOlpWtRHqR,0.0,1.0,0.0,0.0
@nytimes,Sat Jul 28 22:53:01 +0000 2018,95,"A woman and 2 of her great-grandchildren died in the Carr Fire, the family said. https://t.co/Ssu7B2E6gA",0.0,0.667,0.333,-0.7184
@nytimes,Sat Jul 28 22:43:05 +0000 2018,96,"RT @nytopinion: ""My voice evoked rage and disgust from my peers,"" writes @guybranum. ""I kept it hidden and tried to fit into a role that di‚Ä¶",0.078,0.688,0.234,-0.7184
@nytimes,Sat Jul 28 22:34:02 +0000 2018,97,"Woman and Two of Her Great-Grandchildren Die in Carr Fire, Family Says https://t.co/J5hlULtruX",0.0,0.636,0.364,-0.743
@nytimes,Sat Jul 28 22:31:40 +0000 2018,98,"Corner Office: Dan Schulman of PayPal on Guns, Cash and Getting Punched https://t.co/h9ZVetXBRF",0.0,1.0,0.0,0.0
@nytimes,Sat Jul 28 22:20:03 +0000 2018,99,"RT @nytimesbooks: Sean Spicer details his many regrets in a new book, and interviewers on his publicity tour are grilling him https://t.co/‚Ä¶",0.0,0.889,0.111,-0.3612
@nytimes,Sat Jul 28 22:02:02 +0000 2018,100,"RT @NYTNational: The bus station in McAllen, Tex., has become America's new Ellis Island. See it for yourself here https://t.co/W99S63AZDG‚Ä¶",0.0,1.0,0.0,0.0
